customer_id,names,phone_number
1,EZYOF,(132) 269-4329
2,VWYIN,(766) 166-2264
3,BSSXL,(286) 889-9249
5,NFLSG,(346) 484-7075
6,PDSHL,(912) 823-5233
7,CEKNF,(634) 649-5864
8,OBDVG,(604) 468-6329
9,AUXXG,(307) 856-2211
11,OMBFY,(423) 945-7850
12,INQMV,(461) 285-8382
14,YMFUQ,(413) 268-1482
16,MVREJ,(601) 395-1767
17,OQYGX,(923) 353-7736
18,EDNXI,(340) 997-3344
19,CWBHF,(645) 935-4037
20,XZXFS,(662) 251-2059
21,JWELX,(553) 505-7502
22,BAVKR,(123) 270-7900
23,PDXZM,(733) 400-4146
25,YYLCE,(417) 194-3905
26,QKLVJ,(173) 316-2006
27,PZFDR,(200) 760-4018
28,KIRIK,(402) 444-6570
29,GUXGU,(962) 493-3056
32,QEEHD,(599) 618-2285
33,DWGEH,(666) 799-5161
35,GIRMR,(507) 308-8266
36,URURO,(885) 491-7670
37,PYNXU,(917) 369-5529
40,XZWIJ,(344) 953-6711
42,GPHCU,(946) 767-8749
43,OZEMF,(707) 937-9561
44,BETLI,(452) 861-8791
45,OQBZA,(148) 896-2349
46,WJMMG,(268) 193-1142
47,GWUYY,(469) 973-8469
48,JYDJN,(814) 368-7155
49,XNQUU,(697) 963-6923
50,KOREU,(544) 808-9937
51,YIIUJ,(827) 168-1427
52,UPQQJ,(359) 532-1231
53,JTBLE,(111) 742-7966
54,BABBH,(365) 992-1738
55,QTLBG,(817) 255-3333
56,IHBKF,(845) 495-6184
57,VEDFP,(290) 109-3680
58,DTWWR,(699) 834-4186
59,WHEXW,(906) 176-4959
60,LDVKI,(254) 933-2972
62,RJKYU,(218) 436-3227
64,MFHJB,(859) 757-5348
65,BMJVN,(199) 457-3900
66,IEPSU,(792) 828-7494
67,DYGAI,(799) 611-1125
69,GQKTO,(123) 918-4986
71,AKMEY,(182) 554-1369
72,PHWPQ,(562) 621-1674
73,XHNYG,(870) 648-5325
75,ITBSO,(468) 365-4212
76,RQRTS,(674) 211-6043
77,IVPVT,(302) 271-7961
79,PSSML,(766) 781-9628
81,LYRIR,(682) 520-1173
82,FTZPB,(548) 401-5147
83,VMNWE,(854) 417-8100
84,EVQIJ,(297) 548-5942
85,XKUMD,(495) 526-2831
86,SFUNR,(660) 407-7352
87,BWYML,(836) 825-8191
88,LGOMO,(338) 252-1843
89,WMJJZ,(774) 318-3884
91,GQUFO,(262) 182-9082
92,MIVVE,(227) 242-9982
93,SQJWF,(271) 911-4025
94,PIMWE,(128) 902-1748
95,KAWZV,(635) 177-7156
98,VWNKT,(741) 306-6224
99,UTJUS,(702) 928-3563
100,MCCYJ,(978) 815-4687
101,RKVJW,(142) 139-3647
102,RPFNV,(262) 454-7719
103,BQKYQ,(407) 437-9022
104,JZPPS,(309) 420-2288
105,JIVPR,(506) 599-8320
106,WKYYM,(453) 898-9065
107,BAXUN,(424) 607-8110
108,WSOCF,(561) 626-3799
109,CYFLW,(323) 588-3572
110,OLBWR,(315) 848-5605
111,ZBGDU,(628) 749-1205
112,HZKZO,(899) 756-5310
113,JXQFN,(793) 601-3539
114,EOBBT,(729) 569-1491
115,RDRKD,(321) 970-8124
117,VCKRY,(436) 262-8627
118,AKCKG,(977) 764-4650
119,HABFC,(472) 988-8891
120,UGMTP,(672) 654-8914
121,TFUDF,(836) 912-5316
122,JDOXB,(496) 807-6000
123,ZHRDY,(715) 231-7211
124,NMAJS,(245) 623-2651
125,TWEDY,(325) 713-6479
126,VVUEC,(631) 857-7053
127,GKWFB,(820) 960-2812
128,WDVBA,(421) 803-6645
130,XXQEI,(271) 629-9656
131,URHFR,(912) 801-8022
133,FBPJN,(554) 748-4692
134,ODAPL,(708) 603-9270
135,TREDK,(730) 835-1994
137,NWCPM,(117) 834-4596
138,GHGII,(697) 765-6714
141,IDEIP,(104) 118-5760
142,CIQFU,(283) 784-8889
143,ZCJII,(308) 768-6915
144,XIOGJ,(206) 688-5733
145,YXMFG,(357) 232-8432
146,KQRXI,(401) 482-1908
147,FLSVZ,(650) 288-4336
148,HQQRM,(244) 769-4759
149,IKJAI,(142) 100-4039
150,DZYKB,(978) 418-6038
151,JNYDW,(542) 671-6025
152,IXFSO,(943) 273-9606
154,VSSMP,(468) 941-3387
155,RISVC,(803) 895-1608
156,OBSKK,(110) 343-5819
157,WWEEO,(321) 684-8320
158,BLLNJ,(795) 322-4577
159,LDPQA,(995) 100-5235
161,FCDDH,(211) 518-6267
162,RHQEK,(277) 342-9782
165,BWUST,(347) 118-8502
166,KCWYU,(114) 487-1744
167,XTEOB,(494) 263-8965
168,AJZOO,(656) 154-2365
169,UPTGU,(647) 111-9160
170,JPPWM,(716) 877-5490
171,HLZTU,(105) 968-3985
172,MSWIM,(831) 614-2751
173,QPJJI,(575) 826-7744
174,UXYHZ,(388) 451-3583
176,RMZPN,(387) 928-8963
179,ZYODS,(870) 678-6544
181,RUHHG,(492) 762-2240
182,ORVUM,(342) 381-2000
183,HUUMY,(333) 815-8712
184,OZXSF,(631) 721-9224
185,JDKIX,(798) 459-9162
186,ETUTI,(124) 512-4377
187,ZWDXZ,(344) 628-7551
190,FMIPB,(311) 928-2777
192,ZGOWV,(352) 290-3731
193,KWHKL,(433) 402-6584
194,LQTRP,(701) 765-2363
196,QPDWV,(765) 818-5715
197,TANQJ,(421) 306-4711
198,VQRDJ,(629) 891-5231
199,ZQMGH,(599) 251-5188
200,RTXWW,(629) 670-8913
201,FXIIA,(477) 791-7491
203,IYEDW,(172) 774-1677
204,QJFAX,(370) 200-7303
207,NUKDG,(622) 630-6570
208,XHMKD,(466) 784-9983
209,CWINM,(794) 332-2688
210,CIDMW,(569) 169-4571
211,HVQXY,(429) 340-2722
213,RBAXN,(325) 396-2711
214,QDAJV,(704) 234-7254
215,LEHKX,(556) 406-1522
216,LGGAK,(951) 542-4985
217,OGCRH,(166) 149-1931
219,YDHFB,(606) 708-7887
220,USKFH,(101) 918-4548
221,JMYVS,(991) 931-5927
222,NVMXM,(813) 593-1231
223,SITRY,(514) 265-6220
225,EQAVC,(390) 129-2263
227,POPAS,(514) 116-1957
228,DYIMV,(864) 253-2276
230,PYORD,(845) 521-9316
231,KALLL,(562) 914-9267
232,DIUIN,(850) 128-2437
235,LVTIV,(713) 104-7332
236,UXMSD,(339) 794-1184
237,XZRPJ,(792) 607-1633
238,RMYMQ,(242) 262-7732
239,NSGAB,(839) 709-8989
240,VIDWO,(791) 847-2563
241,UAYQX,(908) 936-9175
242,PJEGS,(907) 692-6030
243,VKQTV,(524) 130-1505
244,BNEKR,(148) 114-9399
245,RDJQG,(664) 202-7277
246,WGSSL,(195) 698-7499
247,OVWQJ,(465) 989-7053
248,TTAIR,(122) 763-8843
249,YEKVO,(262) 837-4896
250,FCRPD,(829) 435-2476
251,HLVCP,(361) 115-7103
252,BZFMZ,(923) 525-6542
253,HSEWF,(344) 752-7366
254,JCIKB,(887) 852-7346
256,ARICD,(447) 383-2552
257,RTHHB,(550) 747-5102
259,VFNYV,(945) 359-5926
261,FKLGY,(586) 427-7100
262,HMKLG,(952) 326-5467
263,PRTGL,(511) 504-2400
265,MQTLN,(826) 315-3323
266,TRRMM,(768) 907-4817
267,MSQEF,(927) 904-6416
269,KNPPP,(254) 383-4494
270,AAKBI,(349) 520-7496
272,CZOBC,(627) 209-4023
273,IUTBG,(513) 640-1399
274,CNZKU,(488) 577-8564
275,EJUYR,(472) 467-3606
276,NLEOP,(887) 148-3735
277,WDLQR,(325) 394-5431
279,UEISN,(988) 468-2855
281,RDDHV,(419) 371-5767
282,QOHFT,(718) 244-7094
284,JHDGS,(335) 707-8822
286,ZBVWY,(533) 466-6978
287,ROLRZ,(788) 140-1353
288,GRGKU,(469) 510-2787
290,WYLGH,(559) 480-7710
291,BPSPI,(170) 658-2946
292,RWBVC,(847) 610-1633
293,VZYBH,(644) 973-1874
294,AIIMY,(939) 414-4331
295,UODXI,(189) 935-5296
296,IGRHH,(114) 832-4710
297,KUPJC,(210) 326-7208
298,PEITX,(371) 257-3364
299,WIJOR,(536) 819-7772
300,HHXMO,(918) 367-1827
301,VYEMD,(499) 225-1205
302,ZGSRE,(965) 114-8144
303,OWVMW,(224) 619-4101
304,WKOYH,(231) 658-5001
305,WNPUB,(546) 673-9448
306,DFNVA,(462) 638-1532
307,UFXWK,(644) 949-9472
308,HMFEB,(517) 784-1375
309,KLKTP,(641) 765-4535
310,MHAIW,(286) 824-5362
311,EBOSP,(382) 698-3382
312,DQLBF,(192) 532-9035
313,CULWH,(941) 628-8650
314,BIBDE,(751) 460-2869
315,XVGTS,(908) 158-9016
316,YCIHU,(220) 434-9509
317,VACQW,(127) 537-6103
318,WIIFY,(989) 958-6610
319,HVRMV,(517) 390-1331
321,HTJRE,(105) 533-1509
322,GHKHD,(737) 801-3323
323,AHBQM,(246) 695-9000
324,RLJQH,(176) 788-8985
325,AGPKJ,(587) 383-8436
326,KVSKX,(707) 763-4002
327,GACKF,(943) 507-3912
328,GRCNB,(957) 774-7652
330,UZKRC,(432) 740-1459
331,LVMWX,(918) 184-4882
332,ZMNIC,(517) 614-9600
333,PMISU,(594) 483-8307
334,YMQNW,(919) 384-9381
337,XNXWB,(193) 304-7051
338,FQPZR,(289) 911-1152
339,NKVXK,(698) 960-7058
343,IFIDG,(146) 737-3017
344,RYPWK,(877) 429-8231
345,YPSML,(772) 772-5715
346,VUQXM,(172) 943-3713
348,EBUXV,(699) 608-9793
349,SXYDG,(961) 120-6631
350,YFOYL,(622) 270-2575
352,XANYY,(573) 805-1254
354,UVWHM,(578) 417-7341
357,JLCOO,(306) 854-1081
358,TWUYS,(102) 492-9643
359,IZNID,(319) 331-1543
360,GMNZC,(863) 104-2671
361,UZHKM,(445) 570-2948
363,EBIDH,(173) 248-1428
364,XRKIP,(482) 418-2922
365,VKEIH,(398) 353-3023
366,PWWXX,(655) 867-7787
367,YQALK,(281) 696-1999
368,XCHGY,(410) 872-9334
369,IICLX,(100) 842-9783
371,UMKDP,(438) 727-3215
372,QKCNI,(964) 907-3886
373,KTMCN,(789) 792-7272
374,BAPCF,(437) 774-1199
375,FNLOS,(565) 331-5004
376,VYLTE,(319) 386-7837
378,NNJKQ,(721) 503-7548
379,WXEGQ,(345) 769-3910
380,ONUWL,(450) 113-1122
381,SGMMS,(243) 220-1324
382,XHEBJ,(871) 210-3472
383,TFWKT,(788) 533-2962
384,HUZOS,(311) 133-4475
385,LGTEE,(677) 650-8948
386,LXOHK,(327) 400-3447
387,ETVTI,(449) 174-8160
388,FZUEP,(646) 889-7374
389,ZNAAG,(121) 472-5428
390,JIFKB,(562) 446-2293
391,YIFFT,(820) 532-6156
393,GOYCW,(530) 893-6343
394,IDYUI,(593) 901-4907
396,BNXNM,(114) 427-5386
398,ZTYTB,(712) 719-9118
399,TLZJA,(328) 671-4181
400,LKKEU,(815) 765-8910
401,IZJQW,(338) 568-2926
402,JMYDJ,(489) 246-1523
403,RNHIV,(342) 925-8382
405,HBLHS,(695) 634-1443
406,UKMXY,(803) 755-2167
407,MCOZA,(974) 638-3938
408,QPMRB,(859) 706-3842
409,SAYGR,(898) 493-9823
411,BKODO,(918) 132-5754
412,YMKIZ,(765) 444-2259
413,MYVRA,(662) 423-3693
414,EXKNW,(591) 580-9522
415,ZGNHK,(489) 650-8301
416,EQVYJ,(848) 170-6866
417,UNAFS,(144) 639-8096
419,AOIDS,(820) 230-7823
420,DQPBF,(198) 528-2888
421,RHHEH,(975) 682-8994
422,RPVRY,(208) 366-9682
424,XHDZN,(773) 300-5177
426,PYJBL,(927) 764-3162
427,KYNSM,(157) 449-4315
428,POVIZ,(676) 167-4182
429,QMOXN,(114) 542-2243
430,XSNUF,(588) 712-9498
432,INFCL,(839) 741-1688
433,HMJYM,(230) 623-4110
434,TYOTH,(560) 494-3923
435,VWVFO,(118) 469-4133
436,JXNJL,(603) 408-1566
437,HEORR,(284) 263-7978
438,NJBZE,(612) 886-3480
439,KPGXX,(833) 449-8036
440,FPASU,(600) 166-4849
441,WETWB,(346) 245-5659
442,KBRZT,(956) 228-6397
444,EKOFC,(780) 637-9517
445,JZKJT,(346) 296-6220
446,XOLJU,(296) 341-6646
447,PQPKZ,(459) 888-9902
448,SCILQ,(795) 204-2600
449,HFMUD,(730) 928-6695
450,ZMYSP,(464) 900-2724
451,OXARK,(609) 700-1586
452,DIDXI,(123) 602-9336
454,VNNKW,(374) 481-4776
455,NHVMD,(832) 254-9348
456,OGXYW,(453) 847-3719
459,BCYSL,(629) 448-5443
460,XZBCL,(634) 429-6816
461,QHVXJ,(884) 500-8452
462,KIVZF,(866) 422-6804
463,HWFXH,(599) 782-7855
464,IAGAP,(815) 628-7516
465,AHSAQ,(933) 187-1593
467,RHBTD,(963) 787-7536
468,QHKLW,(435) 181-5993
469,CDHTX,(541) 963-9485
470,PDYHZ,(313) 633-9820
471,RGXGR,(268) 959-7370
472,AVNTV,(348) 919-9640
473,RZJHT,(816) 337-2946
474,HRGPN,(431) 884-6450
475,WBLQQ,(998) 538-4639
476,MMWTM,(465) 896-2751
477,YEZKQ,(493) 809-7410
479,VINGB,(625) 646-1774
480,XHEIR,(626) 478-9510
482,YGHCW,(528) 863-9414
483,CLZGP,(114) 525-9453
484,GVOXC,(551) 468-9720
486,GKMSZ,(366) 716-8736
489,RESHL,(806) 277-5074
490,XMCZA,(962) 710-6127
491,AWPTX,(108) 311-4742
492,UEXAY,(960) 553-9054
493,MAMHT,(896) 641-5002
494,JHUJV,(930) 357-4024
495,XWXJP,(947) 754-2267
496,JIWFP,(733) 799-6793
498,OLSER,(633) 752-5409
499,GDOVT,(937) 544-4596
500,HSCNR,(731) 561-8730
501,VKTGB,(754) 359-1249
502,IJTDQ,(265) 277-2271
503,PJSUZ,(958) 529-2035
504,YDECW,(361) 934-4803
505,SQHVO,(149) 882-4955
506,IWSAS,(232) 435-9965
507,DIPUO,(480) 501-5289
508,KGZCY,(514) 119-7675
509,OJPED,(276) 972-5919
510,HXJEX,(709) 622-8307
511,JZGDC,(733) 509-9319
513,AXKIT,(341) 256-5867
514,RPCYX,(506) 238-1728
515,LQQGT,(680) 431-1847
516,HLPYW,(390) 807-2949
517,UGHFD,(469) 137-9115
518,JBTAD,(996) 260-9486
520,ONGCS,(576) 349-2890
522,HUPVC,(427) 359-7217
523,KRSQO,(654) 687-9165
524,MZWVU,(811) 919-1573
525,YOTZF,(853) 302-2079
526,XAVYK,(308) 717-8895
528,TEPRP,(389) 986-6791
529,IVPOS,(409) 839-5351
530,KTHBG,(335) 799-8786
531,GFFWN,(896) 994-3455
532,WKCMC,(894) 293-4261
533,BFYEL,(922) 946-5543
534,ZYCBQ,(123) 230-6607
535,DVRZZ,(603) 726-3483
536,OLZWD,(944) 676-1571
537,BFMUT,(739) 432-3358
538,TWEIM,(599) 315-3943
539,QIAXT,(754) 771-9013
542,ADJJL,(118) 242-9819
543,VSXBG,(107) 248-8604
544,KCGOV,(942) 450-6183
545,JOKYH,(480) 751-2259
546,DFHPC,(578) 884-9474
547,XLXDA,(688) 280-9642
548,CXXQS,(840) 475-5638
549,IDIUX,(358) 458-5112
550,ZDODS,(858) 279-7096
551,ETTFX,(618) 951-4940
552,YWLXN,(183) 350-6702
553,QIXRW,(742) 418-6982
554,MROJA,(214) 300-4376
556,TVXIU,(709) 787-2884
557,CAAWL,(208) 249-7734
560,WIKBQ,(358) 798-7360
561,HUQFL,(550) 465-4148
562,LWOWH,(922) 418-1444
563,USHXU,(539) 366-2975
564,VFFKL,(951) 361-5590
565,TVFWQ,(947) 612-3504
566,ZROPP,(141) 292-5565
569,FGIKD,(944) 534-5247
571,BLTJE,(980) 365-4652
572,YQRNT,(123) 720-9430
573,QDUQH,(321) 815-9544
574,ECJKX,(443) 136-6325
575,TZIWI,(332) 446-8696
576,JNVZI,(490) 995-1184
577,TWZFB,(269) 415-3729
578,QREVZ,(789) 568-2360
580,FTJCB,(972) 185-3744
581,GSVFD,(604) 285-3988
582,FNWBW,(873) 180-4349
584,WJVIU,(875) 460-6519
586,NEFYK,(146) 735-4225
587,BBGKP,(328) 215-9067
588,BFPLQ,(507) 723-4049
589,RQHRX,(534) 638-2667
590,TCHDA,(252) 951-3369
593,PJMBF,(321) 829-5734
594,JMEDE,(933) 378-8609
595,LGKFA,(653) 360-4628
596,JIXYM,(611) 195-2057
597,TGMOH,(699) 349-7112
