inventory_id;film_id;store_id;last_update
1;1;1;15/2/06 05:09
2;1;1;15/2/06 05:09
3;1;1;15/2/06 05:09
4;1;1;15/2/06 05:09
5;1;2;15/2/06 05:09
6;1;2;15/2/06 05:09
7;1;2;15/2/06 05:09
8;1;2;15/2/06 05:09
9;2;2;15/2/06 05:09
10;2;2;15/2/06 05:09
11;2;2;15/2/06 05:09
12;3;2;15/2/06 05:09
13;3;2;15/2/06 05:09
14;3;2;15/2/06 05:09
15;3;2;15/2/06 05:09
16;4;1;15/2/06 05:09
17;4;1;15/2/06 05:09
18;4;1;15/2/06 05:09
19;4;1;15/2/06 05:09
20;4;2;15/2/06 05:09
21;4;2;15/2/06 05:09
22;4;2;15/2/06 05:09
23;5;2;15/2/06 05:09
24;5;2;15/2/06 05:09
25;5;2;15/2/06 05:09
26;6;1;15/2/06 05:09
27;6;1;15/2/06 05:09
28;6;1;15/2/06 05:09
29;6;2;15/2/06 05:09
30;6;2;15/2/06 05:09
31;6;2;15/2/06 05:09
32;7;1;15/2/06 05:09
33;7;1;15/2/06 05:09
34;7;2;15/2/06 05:09
35;7;2;15/2/06 05:09
36;7;2;15/2/06 05:09
37;8;2;15/2/06 05:09
38;8;2;15/2/06 05:09
39;8;2;15/2/06 05:09
40;8;2;15/2/06 05:09
41;9;1;15/2/06 05:09
42;9;1;15/2/06 05:09
43;9;1;15/2/06 05:09
44;9;2;15/2/06 05:09
45;9;2;15/2/06 05:09
46;10;1;15/2/06 05:09
47;10;1;15/2/06 05:09
48;10;1;15/2/06 05:09
49;10;1;15/2/06 05:09
50;10;2;15/2/06 05:09
51;10;2;15/2/06 05:09
52;10;2;15/2/06 05:09
53;11;1;15/2/06 05:09
54;11;1;15/2/06 05:09
55;11;1;15/2/06 05:09
56;11;1;15/2/06 05:09
57;11;2;15/2/06 05:09
58;11;2;15/2/06 05:09
59;11;2;15/2/06 05:09
60;12;1;15/2/06 05:09
61;12;1;15/2/06 05:09
62;12;1;15/2/06 05:09
63;12;2;15/2/06 05:09
64;12;2;15/2/06 05:09
65;12;2;15/2/06 05:09
66;12;2;15/2/06 05:09
67;13;2;15/2/06 05:09
68;13;2;15/2/06 05:09
69;13;2;15/2/06 05:09
70;13;2;15/2/06 05:09
71;15;1;15/2/06 05:09
72;15;1;15/2/06 05:09
73;15;2;15/2/06 05:09
74;15;2;15/2/06 05:09
75;15;2;15/2/06 05:09
76;15;2;15/2/06 05:09
77;16;1;15/2/06 05:09
78;16;1;15/2/06 05:09
79;16;2;15/2/06 05:09
80;16;2;15/2/06 05:09
81;17;1;15/2/06 05:09
82;17;1;15/2/06 05:09
83;17;1;15/2/06 05:09
84;17;2;15/2/06 05:09
85;17;2;15/2/06 05:09
86;17;2;15/2/06 05:09
87;18;1;15/2/06 05:09
88;18;1;15/2/06 05:09
89;18;1;15/2/06 05:09
90;18;2;15/2/06 05:09
91;18;2;15/2/06 05:09
92;18;2;15/2/06 05:09
93;19;1;15/2/06 05:09
94;19;1;15/2/06 05:09
95;19;1;15/2/06 05:09
96;19;1;15/2/06 05:09
97;19;2;15/2/06 05:09
98;19;2;15/2/06 05:09
99;20;1;15/2/06 05:09
100;20;1;15/2/06 05:09
101;20;1;15/2/06 05:09
102;21;1;15/2/06 05:09
103;21;1;15/2/06 05:09
104;21;2;15/2/06 05:09
105;21;2;15/2/06 05:09
106;21;2;15/2/06 05:09
107;21;2;15/2/06 05:09
108;22;1;15/2/06 05:09
109;22;1;15/2/06 05:09
110;22;1;15/2/06 05:09
111;22;1;15/2/06 05:09
112;22;2;15/2/06 05:09
113;22;2;15/2/06 05:09
114;22;2;15/2/06 05:09
115;23;1;15/2/06 05:09
116;23;1;15/2/06 05:09
117;23;1;15/2/06 05:09
118;23;2;15/2/06 05:09
119;23;2;15/2/06 05:09
120;24;1;15/2/06 05:09
121;24;1;15/2/06 05:09
122;24;1;15/2/06 05:09
123;24;1;15/2/06 05:09
124;25;1;15/2/06 05:09
125;25;1;15/2/06 05:09
126;25;1;15/2/06 05:09
127;25;1;15/2/06 05:09
128;25;2;15/2/06 05:09
129;25;2;15/2/06 05:09
130;26;1;15/2/06 05:09
131;26;1;15/2/06 05:09
132;26;2;15/2/06 05:09
133;26;2;15/2/06 05:09
134;26;2;15/2/06 05:09
135;27;1;15/2/06 05:09
136;27;1;15/2/06 05:09
137;27;1;15/2/06 05:09
138;27;1;15/2/06 05:09
139;28;1;15/2/06 05:09
140;28;1;15/2/06 05:09
141;28;1;15/2/06 05:09
142;29;1;15/2/06 05:09
143;29;1;15/2/06 05:09
144;30;1;15/2/06 05:09
145;30;1;15/2/06 05:09
146;31;1;15/2/06 05:09
147;31;1;15/2/06 05:09
148;31;1;15/2/06 05:09
149;31;1;15/2/06 05:09
150;31;2;15/2/06 05:09
151;31;2;15/2/06 05:09
152;31;2;15/2/06 05:09
153;31;2;15/2/06 05:09
154;32;2;15/2/06 05:09
155;32;2;15/2/06 05:09
156;34;2;15/2/06 05:09
157;34;2;15/2/06 05:09
158;34;2;15/2/06 05:09
159;34;2;15/2/06 05:09
160;35;1;15/2/06 05:09
161;35;1;15/2/06 05:09
162;35;1;15/2/06 05:09
163;35;1;15/2/06 05:09
164;35;2;15/2/06 05:09
165;35;2;15/2/06 05:09
166;35;2;15/2/06 05:09
167;37;1;15/2/06 05:09
168;37;1;15/2/06 05:09
169;37;1;15/2/06 05:09
170;37;1;15/2/06 05:09
171;37;2;15/2/06 05:09
172;37;2;15/2/06 05:09
173;37;2;15/2/06 05:09
174;39;1;15/2/06 05:09
175;39;1;15/2/06 05:09
176;39;1;15/2/06 05:09
177;39;2;15/2/06 05:09
178;39;2;15/2/06 05:09
179;39;2;15/2/06 05:09
180;39;2;15/2/06 05:09
181;40;2;15/2/06 05:09
182;40;2;15/2/06 05:09
183;40;2;15/2/06 05:09
184;40;2;15/2/06 05:09
185;42;2;15/2/06 05:09
186;42;2;15/2/06 05:09
187;42;2;15/2/06 05:09
188;42;2;15/2/06 05:09
189;43;1;15/2/06 05:09
190;43;1;15/2/06 05:09
191;43;1;15/2/06 05:09
192;43;2;15/2/06 05:09
193;43;2;15/2/06 05:09
194;43;2;15/2/06 05:09
195;43;2;15/2/06 05:09
196;44;1;15/2/06 05:09
197;44;1;15/2/06 05:09
198;44;2;15/2/06 05:09
199;44;2;15/2/06 05:09
200;44;2;15/2/06 05:09
201;45;1;15/2/06 05:09
202;45;1;15/2/06 05:09
203;45;1;15/2/06 05:09
204;45;1;15/2/06 05:09
205;45;2;15/2/06 05:09
206;45;2;15/2/06 05:09
207;46;2;15/2/06 05:09
208;46;2;15/2/06 05:09
209;46;2;15/2/06 05:09
210;47;2;15/2/06 05:09
211;47;2;15/2/06 05:09
212;48;1;15/2/06 05:09
213;48;1;15/2/06 05:09
214;48;2;15/2/06 05:09
215;48;2;15/2/06 05:09
216;49;1;15/2/06 05:09
217;49;1;15/2/06 05:09
218;49;1;15/2/06 05:09
219;49;2;15/2/06 05:09
220;49;2;15/2/06 05:09
221;49;2;15/2/06 05:09
222;50;1;15/2/06 05:09
223;50;1;15/2/06 05:09
224;50;1;15/2/06 05:09
225;50;2;15/2/06 05:09
226;50;2;15/2/06 05:09
227;51;1;15/2/06 05:09
228;51;1;15/2/06 05:09
229;51;2;15/2/06 05:09
230;51;2;15/2/06 05:09
231;51;2;15/2/06 05:09
232;51;2;15/2/06 05:09
233;52;2;15/2/06 05:09
234;52;2;15/2/06 05:09
235;53;1;15/2/06 05:09
236;53;1;15/2/06 05:09
237;54;1;15/2/06 05:09
238;54;1;15/2/06 05:09
239;54;1;15/2/06 05:09
240;54;2;15/2/06 05:09
241;54;2;15/2/06 05:09
242;55;1;15/2/06 05:09
243;55;1;15/2/06 05:09
244;55;1;15/2/06 05:09
245;55;1;15/2/06 05:09
246;55;2;15/2/06 05:09
247;55;2;15/2/06 05:09
248;56;1;15/2/06 05:09
249;56;1;15/2/06 05:09
250;56;1;15/2/06 05:09
251;56;2;15/2/06 05:09
252;56;2;15/2/06 05:09
253;57;1;15/2/06 05:09
254;57;1;15/2/06 05:09
255;57;1;15/2/06 05:09
256;57;1;15/2/06 05:09
257;57;2;15/2/06 05:09
258;57;2;15/2/06 05:09
259;57;2;15/2/06 05:09
260;58;2;15/2/06 05:09
261;58;2;15/2/06 05:09
262;58;2;15/2/06 05:09
263;58;2;15/2/06 05:09
264;59;1;15/2/06 05:09
265;59;1;15/2/06 05:09
266;59;1;15/2/06 05:09
267;59;2;15/2/06 05:09
268;59;2;15/2/06 05:09
269;60;1;15/2/06 05:09
270;60;1;15/2/06 05:09
271;60;1;15/2/06 05:09
272;61;1;15/2/06 05:09
273;61;1;15/2/06 05:09
274;61;1;15/2/06 05:09
275;61;1;15/2/06 05:09
276;61;2;15/2/06 05:09
277;61;2;15/2/06 05:09
278;62;2;15/2/06 05:09
279;62;2;15/2/06 05:09
280;63;1;15/2/06 05:09
281;63;1;15/2/06 05:09
282;63;2;15/2/06 05:09
283;63;2;15/2/06 05:09
284;64;2;15/2/06 05:09
285;64;2;15/2/06 05:09
286;64;2;15/2/06 05:09
287;65;2;15/2/06 05:09
288;65;2;15/2/06 05:09
289;65;2;15/2/06 05:09
290;65;2;15/2/06 05:09
291;66;1;15/2/06 05:09
292;66;1;15/2/06 05:09
293;66;1;15/2/06 05:09
294;67;1;15/2/06 05:09
295;67;1;15/2/06 05:09
296;67;2;15/2/06 05:09
297;67;2;15/2/06 05:09
298;67;2;15/2/06 05:09
299;67;2;15/2/06 05:09
300;68;1;15/2/06 05:09
301;68;1;15/2/06 05:09
302;68;2;15/2/06 05:09
303;68;2;15/2/06 05:09
304;69;1;15/2/06 05:09
305;69;1;15/2/06 05:09
306;69;1;15/2/06 05:09
307;69;1;15/2/06 05:09
308;69;2;15/2/06 05:09
309;69;2;15/2/06 05:09
310;69;2;15/2/06 05:09
311;69;2;15/2/06 05:09
312;70;1;15/2/06 05:09
313;70;1;15/2/06 05:09
314;70;2;15/2/06 05:09
315;70;2;15/2/06 05:09
316;71;2;15/2/06 05:09
317;71;2;15/2/06 05:09
318;71;2;15/2/06 05:09
319;71;2;15/2/06 05:09
320;72;1;15/2/06 05:09
321;72;1;15/2/06 05:09
322;72;1;15/2/06 05:09
323;72;1;15/2/06 05:09
324;72;2;15/2/06 05:09
325;72;2;15/2/06 05:09
326;73;1;15/2/06 05:09
327;73;1;15/2/06 05:09
328;73;1;15/2/06 05:09
329;73;1;15/2/06 05:09
330;73;2;15/2/06 05:09
331;73;2;15/2/06 05:09
332;73;2;15/2/06 05:09
333;73;2;15/2/06 05:09
334;74;1;15/2/06 05:09
335;74;1;15/2/06 05:09
336;74;1;15/2/06 05:09
337;74;2;15/2/06 05:09
338;74;2;15/2/06 05:09
339;75;2;15/2/06 05:09
340;75;2;15/2/06 05:09
341;75;2;15/2/06 05:09
342;76;1;15/2/06 05:09
343;76;1;15/2/06 05:09
344;76;1;15/2/06 05:09
345;77;1;15/2/06 05:09
346;77;1;15/2/06 05:09
347;77;1;15/2/06 05:09
348;77;1;15/2/06 05:09
349;77;2;15/2/06 05:09
350;77;2;15/2/06 05:09
351;78;1;15/2/06 05:09
352;78;1;15/2/06 05:09
353;78;1;15/2/06 05:09
354;78;2;15/2/06 05:09
355;78;2;15/2/06 05:09
356;78;2;15/2/06 05:09
357;78;2;15/2/06 05:09
358;79;1;15/2/06 05:09
359;79;1;15/2/06 05:09
360;79;1;15/2/06 05:09
361;79;2;15/2/06 05:09
362;79;2;15/2/06 05:09
363;79;2;15/2/06 05:09
364;80;1;15/2/06 05:09
365;80;1;15/2/06 05:09
366;80;1;15/2/06 05:09
367;80;1;15/2/06 05:09
368;81;1;15/2/06 05:09
369;81;1;15/2/06 05:09
370;81;1;15/2/06 05:09
371;81;1;15/2/06 05:09
372;82;1;15/2/06 05:09
373;82;1;15/2/06 05:09
374;83;1;15/2/06 05:09
375;83;1;15/2/06 05:09
376;83;1;15/2/06 05:09
377;83;2;15/2/06 05:09
378;83;2;15/2/06 05:09
379;84;1;15/2/06 05:09
380;84;1;15/2/06 05:09
381;84;1;15/2/06 05:09
382;84;1;15/2/06 05:09
383;85;2;15/2/06 05:09
384;85;2;15/2/06 05:09
385;85;2;15/2/06 05:09
386;85;2;15/2/06 05:09
387;86;1;15/2/06 05:09
388;86;1;15/2/06 05:09
389;86;1;15/2/06 05:09
390;86;1;15/2/06 05:09
391;86;2;15/2/06 05:09
392;86;2;15/2/06 05:09
393;86;2;15/2/06 05:09
394;86;2;15/2/06 05:09
395;88;2;15/2/06 05:09
396;88;2;15/2/06 05:09
397;88;2;15/2/06 05:09
398;88;2;15/2/06 05:09
399;89;1;15/2/06 05:09
400;89;1;15/2/06 05:09
401;89;1;15/2/06 05:09
402;89;2;15/2/06 05:09
403;89;2;15/2/06 05:09
404;89;2;15/2/06 05:09
405;90;1;15/2/06 05:09
406;90;1;15/2/06 05:09
407;90;1;15/2/06 05:09
408;90;2;15/2/06 05:09
409;90;2;15/2/06 05:09
410;90;2;15/2/06 05:09
411;91;1;15/2/06 05:09
412;91;1;15/2/06 05:09
413;91;1;15/2/06 05:09
414;91;1;15/2/06 05:09
415;91;2;15/2/06 05:09
416;91;2;15/2/06 05:09
417;91;2;15/2/06 05:09
418;91;2;15/2/06 05:09
419;92;1;15/2/06 05:09
420;92;1;15/2/06 05:09
421;92;2;15/2/06 05:09
422;92;2;15/2/06 05:09
423;93;2;15/2/06 05:09
424;93;2;15/2/06 05:09
425;93;2;15/2/06 05:09
426;94;1;15/2/06 05:09
427;94;1;15/2/06 05:09
428;95;1;15/2/06 05:09
429;95;1;15/2/06 05:09
430;95;2;15/2/06 05:09
431;95;2;15/2/06 05:09
432;95;2;15/2/06 05:09
433;96;1;15/2/06 05:09
434;96;1;15/2/06 05:09
435;96;1;15/2/06 05:09
436;97;1;15/2/06 05:09
437;97;1;15/2/06 05:09
438;97;1;15/2/06 05:09
439;97;1;15/2/06 05:09
440;97;2;15/2/06 05:09
441;97;2;15/2/06 05:09
442;98;1;15/2/06 05:09
443;98;1;15/2/06 05:09
444;98;1;15/2/06 05:09
445;99;1;15/2/06 05:09
446;99;1;15/2/06 05:09
447;99;1;15/2/06 05:09
448;99;2;15/2/06 05:09
449;99;2;15/2/06 05:09
450;99;2;15/2/06 05:09
451;100;1;15/2/06 05:09
452;100;1;15/2/06 05:09
453;100;1;15/2/06 05:09
454;100;1;15/2/06 05:09
455;100;2;15/2/06 05:09
456;100;2;15/2/06 05:09
457;101;1;15/2/06 05:09
458;101;1;15/2/06 05:09
459;101;1;15/2/06 05:09
460;101;1;15/2/06 05:09
461;101;2;15/2/06 05:09
462;101;2;15/2/06 05:09
463;102;2;15/2/06 05:09
464;102;2;15/2/06 05:09
465;103;1;15/2/06 05:09
466;103;1;15/2/06 05:09
467;103;1;15/2/06 05:09
468;103;1;15/2/06 05:09
469;103;2;15/2/06 05:09
470;103;2;15/2/06 05:09
471;103;2;15/2/06 05:09
472;103;2;15/2/06 05:09
473;104;2;15/2/06 05:09
474;104;2;15/2/06 05:09
475;104;2;15/2/06 05:09
476;105;1;15/2/06 05:09
477;105;1;15/2/06 05:09
478;105;2;15/2/06 05:09
479;105;2;15/2/06 05:09
480;105;2;15/2/06 05:09
481;106;1;15/2/06 05:09
482;106;1;15/2/06 05:09
483;107;2;15/2/06 05:09
484;107;2;15/2/06 05:09
485;109;1;15/2/06 05:09
486;109;1;15/2/06 05:09
487;109;1;15/2/06 05:09
488;109;1;15/2/06 05:09
489;109;2;15/2/06 05:09
490;109;2;15/2/06 05:09
491;109;2;15/2/06 05:09
492;109;2;15/2/06 05:09
493;110;1;15/2/06 05:09
494;110;1;15/2/06 05:09
495;110;1;15/2/06 05:09
496;110;1;15/2/06 05:09
497;111;2;15/2/06 05:09
498;111;2;15/2/06 05:09
499;111;2;15/2/06 05:09
500;111;2;15/2/06 05:09
501;112;1;15/2/06 05:09
502;112;1;15/2/06 05:09
503;112;1;15/2/06 05:09
504;112;1;15/2/06 05:09
505;112;2;15/2/06 05:09
506;112;2;15/2/06 05:09
507;112;2;15/2/06 05:09
508;113;2;15/2/06 05:09
509;113;2;15/2/06 05:09
510;113;2;15/2/06 05:09
511;113;2;15/2/06 05:09
512;114;1;15/2/06 05:09
513;114;1;15/2/06 05:09
514;114;1;15/2/06 05:09
515;114;1;15/2/06 05:09
516;114;2;15/2/06 05:09
517;114;2;15/2/06 05:09
518;114;2;15/2/06 05:09
519;115;1;15/2/06 05:09
520;115;1;15/2/06 05:09
521;115;1;15/2/06 05:09
522;115;2;15/2/06 05:09
523;115;2;15/2/06 05:09
524;115;2;15/2/06 05:09
525;115;2;15/2/06 05:09
526;116;1;15/2/06 05:09
527;116;1;15/2/06 05:09
528;116;2;15/2/06 05:09
529;116;2;15/2/06 05:09
530;116;2;15/2/06 05:09
531;116;2;15/2/06 05:09
532;117;1;15/2/06 05:09
533;117;1;15/2/06 05:09
534;117;1;15/2/06 05:09
535;117;1;15/2/06 05:09
536;117;2;15/2/06 05:09
537;117;2;15/2/06 05:09
538;118;1;15/2/06 05:09
539;118;1;15/2/06 05:09
540;118;1;15/2/06 05:09
541;118;1;15/2/06 05:09
542;118;2;15/2/06 05:09
543;118;2;15/2/06 05:09
544;119;1;15/2/06 05:09
545;119;1;15/2/06 05:09
546;119;1;15/2/06 05:09
547;119;2;15/2/06 05:09
548;119;2;15/2/06 05:09
549;119;2;15/2/06 05:09
550;119;2;15/2/06 05:09
551;120;1;15/2/06 05:09
552;120;1;15/2/06 05:09
553;120;1;15/2/06 05:09
554;121;1;15/2/06 05:09
555;121;1;15/2/06 05:09
556;121;1;15/2/06 05:09
557;121;2;15/2/06 05:09
558;121;2;15/2/06 05:09
559;121;2;15/2/06 05:09
560;122;1;15/2/06 05:09
561;122;1;15/2/06 05:09
562;122;1;15/2/06 05:09
563;122;1;15/2/06 05:09
564;122;2;15/2/06 05:09
565;122;2;15/2/06 05:09
566;122;2;15/2/06 05:09
567;123;1;15/2/06 05:09
568;123;1;15/2/06 05:09
569;123;2;15/2/06 05:09
570;123;2;15/2/06 05:09
571;123;2;15/2/06 05:09
572;124;2;15/2/06 05:09
573;124;2;15/2/06 05:09
574;124;2;15/2/06 05:09
575;125;2;15/2/06 05:09
576;125;2;15/2/06 05:09
577;126;2;15/2/06 05:09
578;126;2;15/2/06 05:09
579;126;2;15/2/06 05:09
580;127;1;15/2/06 05:09
581;127;1;15/2/06 05:09
582;127;1;15/2/06 05:09
583;127;1;15/2/06 05:09
584;127;2;15/2/06 05:09
585;127;2;15/2/06 05:09
586;127;2;15/2/06 05:09
587;127;2;15/2/06 05:09
588;129;1;15/2/06 05:09
589;129;1;15/2/06 05:09
590;129;1;15/2/06 05:09
591;129;2;15/2/06 05:09
592;129;2;15/2/06 05:09
593;129;2;15/2/06 05:09
594;130;1;15/2/06 05:09
595;130;1;15/2/06 05:09
596;130;2;15/2/06 05:09
597;130;2;15/2/06 05:09
598;130;2;15/2/06 05:09
599;130;2;15/2/06 05:09
600;131;1;15/2/06 05:09
601;131;1;15/2/06 05:09
602;131;1;15/2/06 05:09
603;131;1;15/2/06 05:09
604;131;2;15/2/06 05:09
605;131;2;15/2/06 05:09
606;132;1;15/2/06 05:09
607;132;1;15/2/06 05:09
608;132;1;15/2/06 05:09
609;132;1;15/2/06 05:09
610;132;2;15/2/06 05:09
611;132;2;15/2/06 05:09
612;133;1;15/2/06 05:09
613;133;1;15/2/06 05:09
614;133;2;15/2/06 05:09
615;133;2;15/2/06 05:09
616;134;2;15/2/06 05:09
617;134;2;15/2/06 05:09
618;134;2;15/2/06 05:09
619;135;1;15/2/06 05:09
620;135;1;15/2/06 05:09
621;135;1;15/2/06 05:09
622;135;2;15/2/06 05:09
623;135;2;15/2/06 05:09
624;135;2;15/2/06 05:09
625;135;2;15/2/06 05:09
626;136;1;15/2/06 05:09
627;136;1;15/2/06 05:09
628;136;1;15/2/06 05:09
629;137;2;15/2/06 05:09
630;137;2;15/2/06 05:09
631;137;2;15/2/06 05:09
632;137;2;15/2/06 05:09
633;138;1;15/2/06 05:09
634;138;1;15/2/06 05:09
635;138;2;15/2/06 05:09
636;138;2;15/2/06 05:09
637;138;2;15/2/06 05:09
638;139;1;15/2/06 05:09
639;139;1;15/2/06 05:09
640;139;1;15/2/06 05:09
641;139;1;15/2/06 05:09
642;139;2;15/2/06 05:09
643;139;2;15/2/06 05:09
644;140;1;15/2/06 05:09
645;140;1;15/2/06 05:09
646;140;2;15/2/06 05:09
647;140;2;15/2/06 05:09
648;140;2;15/2/06 05:09
649;141;1;15/2/06 05:09
650;141;1;15/2/06 05:09
651;141;1;15/2/06 05:09
652;141;2;15/2/06 05:09
653;141;2;15/2/06 05:09
654;142;1;15/2/06 05:09
655;142;1;15/2/06 05:09
656;142;1;15/2/06 05:09
657;142;2;15/2/06 05:09
658;142;2;15/2/06 05:09
659;143;1;15/2/06 05:09
660;143;1;15/2/06 05:09
661;143;1;15/2/06 05:09
662;143;1;15/2/06 05:09
663;143;2;15/2/06 05:09
664;143;2;15/2/06 05:09
665;143;2;15/2/06 05:09
666;145;2;15/2/06 05:09
667;145;2;15/2/06 05:09
668;145;2;15/2/06 05:09
669;146;1;15/2/06 05:09
670;146;1;15/2/06 05:09
671;146;1;15/2/06 05:09
672;147;1;15/2/06 05:09
673;147;1;15/2/06 05:09
674;147;1;15/2/06 05:09
675;147;2;15/2/06 05:09
676;147;2;15/2/06 05:09
677;147;2;15/2/06 05:09
678;149;1;15/2/06 05:09
679;149;1;15/2/06 05:09
680;149;1;15/2/06 05:09
681;149;2;15/2/06 05:09
682;149;2;15/2/06 05:09
683;149;2;15/2/06 05:09
684;150;1;15/2/06 05:09
685;150;1;15/2/06 05:09
686;150;2;15/2/06 05:09
687;150;2;15/2/06 05:09
688;150;2;15/2/06 05:09
689;150;2;15/2/06 05:09
690;151;1;15/2/06 05:09
691;151;1;15/2/06 05:09
692;151;2;15/2/06 05:09
693;151;2;15/2/06 05:09
694;152;1;15/2/06 05:09
695;152;1;15/2/06 05:09
696;152;1;15/2/06 05:09
697;152;1;15/2/06 05:09
698;153;1;15/2/06 05:09
699;153;1;15/2/06 05:09
700;153;1;15/2/06 05:09
701;153;1;15/2/06 05:09
702;154;1;15/2/06 05:09
703;154;1;15/2/06 05:09
704;154;1;15/2/06 05:09
705;154;2;15/2/06 05:09
706;154;2;15/2/06 05:09
707;154;2;15/2/06 05:09
708;154;2;15/2/06 05:09
709;155;1;15/2/06 05:09
710;155;1;15/2/06 05:09
711;155;2;15/2/06 05:09
712;155;2;15/2/06 05:09
713;155;2;15/2/06 05:09
714;156;2;15/2/06 05:09
715;156;2;15/2/06 05:09
716;157;2;15/2/06 05:09
717;157;2;15/2/06 05:09
718;157;2;15/2/06 05:09
719;158;1;15/2/06 05:09
720;158;1;15/2/06 05:09
721;158;2;15/2/06 05:09
722;158;2;15/2/06 05:09
723;158;2;15/2/06 05:09
724;159;1;15/2/06 05:09
725;159;1;15/2/06 05:09
726;159;1;15/2/06 05:09
727;159;1;15/2/06 05:09
728;159;2;15/2/06 05:09
729;159;2;15/2/06 05:09
730;159;2;15/2/06 05:09
731;160;1;15/2/06 05:09
732;160;1;15/2/06 05:09
733;160;2;15/2/06 05:09
734;160;2;15/2/06 05:09
735;160;2;15/2/06 05:09
736;161;1;15/2/06 05:09
737;161;1;15/2/06 05:09
738;162;1;15/2/06 05:09
739;162;1;15/2/06 05:09
740;162;1;15/2/06 05:09
741;162;2;15/2/06 05:09
742;162;2;15/2/06 05:09
743;162;2;15/2/06 05:09
744;162;2;15/2/06 05:09
745;163;2;15/2/06 05:09
746;163;2;15/2/06 05:09
747;163;2;15/2/06 05:09
748;164;1;15/2/06 05:09
749;164;1;15/2/06 05:09
750;164;2;15/2/06 05:09
751;164;2;15/2/06 05:09
752;164;2;15/2/06 05:09
753;165;1;15/2/06 05:09
754;165;1;15/2/06 05:09
755;165;1;15/2/06 05:09
756;165;2;15/2/06 05:09
757;165;2;15/2/06 05:09
758;166;1;15/2/06 05:09
759;166;1;15/2/06 05:09
760;166;1;15/2/06 05:09
761;166;1;15/2/06 05:09
762;166;2;15/2/06 05:09
763;166;2;15/2/06 05:09
764;167;1;15/2/06 05:09
765;167;1;15/2/06 05:09
766;167;1;15/2/06 05:09
767;167;1;15/2/06 05:09
768;167;2;15/2/06 05:09
769;167;2;15/2/06 05:09
770;167;2;15/2/06 05:09
771;168;1;15/2/06 05:09
772;168;1;15/2/06 05:09
773;169;1;15/2/06 05:09
774;169;1;15/2/06 05:09
775;169;2;15/2/06 05:09
776;169;2;15/2/06 05:09
777;170;1;15/2/06 05:09
778;170;1;15/2/06 05:09
779;170;2;15/2/06 05:09
780;170;2;15/2/06 05:09
781;170;2;15/2/06 05:09
782;170;2;15/2/06 05:09
783;172;1;15/2/06 05:09
784;172;1;15/2/06 05:09
785;172;1;15/2/06 05:09
786;172;1;15/2/06 05:09
787;172;2;15/2/06 05:09
788;172;2;15/2/06 05:09
789;172;2;15/2/06 05:09
790;173;1;15/2/06 05:09
791;173;1;15/2/06 05:09
792;173;1;15/2/06 05:09
793;173;2;15/2/06 05:09
794;173;2;15/2/06 05:09
795;174;1;15/2/06 05:09
796;174;1;15/2/06 05:09
797;174;1;15/2/06 05:09
798;174;1;15/2/06 05:09
799;174;2;15/2/06 05:09
800;174;2;15/2/06 05:09
801;174;2;15/2/06 05:09
802;174;2;15/2/06 05:09
803;175;1;15/2/06 05:09
804;175;1;15/2/06 05:09
805;175;2;15/2/06 05:09
806;175;2;15/2/06 05:09
807;175;2;15/2/06 05:09
808;176;1;15/2/06 05:09
809;176;1;15/2/06 05:09
810;176;2;15/2/06 05:09
811;176;2;15/2/06 05:09
812;176;2;15/2/06 05:09
813;176;2;15/2/06 05:09
814;177;2;15/2/06 05:09
815;177;2;15/2/06 05:09
816;177;2;15/2/06 05:09
817;178;1;15/2/06 05:09
818;178;1;15/2/06 05:09
819;179;1;15/2/06 05:09
820;179;1;15/2/06 05:09
821;179;1;15/2/06 05:09
822;179;1;15/2/06 05:09
823;180;2;15/2/06 05:09
824;180;2;15/2/06 05:09
825;181;1;15/2/06 05:09
826;181;1;15/2/06 05:09
827;181;1;15/2/06 05:09
828;181;2;15/2/06 05:09
829;181;2;15/2/06 05:09
830;181;2;15/2/06 05:09
831;181;2;15/2/06 05:09
832;182;1;15/2/06 05:09
833;182;1;15/2/06 05:09
834;183;1;15/2/06 05:09
835;183;1;15/2/06 05:09
836;183;1;15/2/06 05:09
837;183;2;15/2/06 05:09
838;183;2;15/2/06 05:09
839;183;2;15/2/06 05:09
840;184;1;15/2/06 05:09
841;184;1;15/2/06 05:09
842;184;2;15/2/06 05:09
843;184;2;15/2/06 05:09
844;184;2;15/2/06 05:09
845;185;1;15/2/06 05:09
846;185;1;15/2/06 05:09
847;186;1;15/2/06 05:09
848;186;1;15/2/06 05:09
849;186;2;15/2/06 05:09
850;186;2;15/2/06 05:09
851;187;2;15/2/06 05:09
852;187;2;15/2/06 05:09
853;187;2;15/2/06 05:09
854;188;1;15/2/06 05:09
855;188;1;15/2/06 05:09
856;188;1;15/2/06 05:09
857;189;1;15/2/06 05:09
858;189;1;15/2/06 05:09
859;189;2;15/2/06 05:09
860;189;2;15/2/06 05:09
861;189;2;15/2/06 05:09
862;189;2;15/2/06 05:09
863;190;2;15/2/06 05:09
864;190;2;15/2/06 05:09
865;190;2;15/2/06 05:09
866;190;2;15/2/06 05:09
867;191;1;15/2/06 05:09
868;191;1;15/2/06 05:09
869;191;1;15/2/06 05:09
870;191;2;15/2/06 05:09
871;191;2;15/2/06 05:09
872;191;2;15/2/06 05:09
873;193;1;15/2/06 05:09
874;193;1;15/2/06 05:09
875;193;1;15/2/06 05:09
876;193;1;15/2/06 05:09
877;193;2;15/2/06 05:09
878;193;2;15/2/06 05:09
879;193;2;15/2/06 05:09
880;193;2;15/2/06 05:09
881;194;1;15/2/06 05:09
882;194;1;15/2/06 05:09
883;194;2;15/2/06 05:09
884;194;2;15/2/06 05:09
885;196;1;15/2/06 05:09
886;196;1;15/2/06 05:09
887;197;1;15/2/06 05:09
888;197;1;15/2/06 05:09
889;199;1;15/2/06 05:09
890;199;1;15/2/06 05:09
891;199;1;15/2/06 05:09
892;199;1;15/2/06 05:09
893;199;2;15/2/06 05:09
894;199;2;15/2/06 05:09
895;199;2;15/2/06 05:09
896;199;2;15/2/06 05:09
897;200;1;15/2/06 05:09
898;200;1;15/2/06 05:09
899;200;1;15/2/06 05:09
900;200;1;15/2/06 05:09
901;200;2;15/2/06 05:09
902;200;2;15/2/06 05:09
903;200;2;15/2/06 05:09
904;200;2;15/2/06 05:09
905;201;1;15/2/06 05:09
906;201;1;15/2/06 05:09
907;201;1;15/2/06 05:09
908;201;1;15/2/06 05:09
909;202;1;15/2/06 05:09
910;202;1;15/2/06 05:09
911;202;1;15/2/06 05:09
912;203;2;15/2/06 05:09
913;203;2;15/2/06 05:09
914;203;2;15/2/06 05:09
915;203;2;15/2/06 05:09
916;204;1;15/2/06 05:09
917;204;1;15/2/06 05:09
918;204;1;15/2/06 05:09
919;204;1;15/2/06 05:09
920;204;2;15/2/06 05:09
921;204;2;15/2/06 05:09
922;205;1;15/2/06 05:09
923;205;1;15/2/06 05:09
924;205;1;15/2/06 05:09
925;205;1;15/2/06 05:09
926;206;1;15/2/06 05:09
927;206;1;15/2/06 05:09
928;206;1;15/2/06 05:09
929;206;1;15/2/06 05:09
930;206;2;15/2/06 05:09
931;206;2;15/2/06 05:09
932;206;2;15/2/06 05:09
933;206;2;15/2/06 05:09
934;207;1;15/2/06 05:09
935;207;1;15/2/06 05:09
936;207;1;15/2/06 05:09
937;207;1;15/2/06 05:09
938;208;1;15/2/06 05:09
939;208;1;15/2/06 05:09
940;208;1;15/2/06 05:09
941;209;1;15/2/06 05:09
942;209;1;15/2/06 05:09
943;209;1;15/2/06 05:09
944;209;1;15/2/06 05:09
945;210;2;15/2/06 05:09
946;210;2;15/2/06 05:09
947;210;2;15/2/06 05:09
948;211;1;15/2/06 05:09
949;211;1;15/2/06 05:09
950;212;1;15/2/06 05:09
951;212;1;15/2/06 05:09
952;212;1;15/2/06 05:09
953;212;2;15/2/06 05:09
954;212;2;15/2/06 05:09
955;213;1;15/2/06 05:09
956;213;1;15/2/06 05:09
957;213;1;15/2/06 05:09
958;213;1;15/2/06 05:09
959;214;2;15/2/06 05:09
960;214;2;15/2/06 05:09
961;214;2;15/2/06 05:09
962;214;2;15/2/06 05:09
963;215;1;15/2/06 05:09
964;215;1;15/2/06 05:09
965;215;1;15/2/06 05:09
966;215;2;15/2/06 05:09
967;215;2;15/2/06 05:09
968;215;2;15/2/06 05:09
969;216;1;15/2/06 05:09
970;216;1;15/2/06 05:09
971;216;2;15/2/06 05:09
972;216;2;15/2/06 05:09
973;216;2;15/2/06 05:09
974;218;1;15/2/06 05:09
975;218;1;15/2/06 05:09
976;218;1;15/2/06 05:09
977;218;1;15/2/06 05:09
978;218;2;15/2/06 05:09
979;218;2;15/2/06 05:09
980;218;2;15/2/06 05:09
981;219;1;15/2/06 05:09
982;219;1;15/2/06 05:09
983;219;1;15/2/06 05:09
984;219;1;15/2/06 05:09
985;220;1;15/2/06 05:09
986;220;1;15/2/06 05:09
987;220;1;15/2/06 05:09
988;220;1;15/2/06 05:09
989;220;2;15/2/06 05:09
990;220;2;15/2/06 05:09
991;220;2;15/2/06 05:09
992;220;2;15/2/06 05:09
993;222;1;15/2/06 05:09
994;222;1;15/2/06 05:09
995;222;2;15/2/06 05:09
996;222;2;15/2/06 05:09
997;222;2;15/2/06 05:09
998;222;2;15/2/06 05:09
999;223;2;15/2/06 05:09
1000;223;2;15/2/06 05:09