rental_id;rental_date;inventory_id;customer_id;return_date;staff_id;last_update
1;24/5/05 22:53;367;130;26/5/05 22:04;1;15/2/06 21:30
2;24/5/05 22:54;1525;459;28/5/05 19:40;1;15/2/06 21:30
3;24/5/05 23:03;1711;408;1/6/05 22:12;1;15/2/06 21:30
4;24/5/05 23:04;2452;333;3/6/05 01:43;2;15/2/06 21:30
5;24/5/05 23:05;2079;222;2/6/05 04:33;1;15/2/06 21:30
6;24/5/05 23:08;2792;549;27/5/05 01:32;1;15/2/06 21:30
7;24/5/05 23:11;3995;269;29/5/05 20:34;2;15/2/06 21:30
8;24/5/05 23:31;2346;239;27/5/05 23:33;2;15/2/06 21:30
9;25/5/05 00:00;2580;126;28/5/05 00:22;1;15/2/06 21:30
10;25/5/05 00:02;1824;399;31/5/05 22:44;2;15/2/06 21:30
11;25/5/05 00:09;4443;142;2/6/05 20:56;2;15/2/06 21:30
12;25/5/05 00:19;1584;261;30/5/05 05:44;2;15/2/06 21:30
13;25/5/05 00:22;2294;334;30/5/05 04:28;1;15/2/06 21:30
14;25/5/05 00:31;2701;446;26/5/05 02:56;1;15/2/06 21:30
15;25/5/05 00:39;3049;319;3/6/05 03:30;1;15/2/06 21:30
16;25/5/05 00:43;389;316;26/5/05 04:42;2;15/2/06 21:30
17;25/5/05 01:06;830;575;27/5/05 00:43;1;15/2/06 21:30
18;25/5/05 01:10;3376;19;31/5/05 06:35;2;15/2/06 21:30
19;25/5/05 01:17;1941;456;31/5/05 06:00;1;15/2/06 21:30
20;25/5/05 01:48;3517;185;27/5/05 02:20;2;15/2/06 21:30
21;25/5/05 01:59;146;388;26/5/05 01:01;2;15/2/06 21:30
22;25/5/05 02:19;727;509;26/5/05 04:52;2;15/2/06 21:30
23;25/5/05 02:40;4441;438;29/5/05 06:34;1;15/2/06 21:30
24;25/5/05 02:53;3273;350;27/5/05 01:15;1;15/2/06 21:30
25;25/5/05 03:21;3961;37;27/5/05 21:25;2;15/2/06 21:30
26;25/5/05 03:36;4371;371;31/5/05 00:34;1;15/2/06 21:30
27;25/5/05 03:41;1225;301;30/5/05 01:13;2;15/2/06 21:30
28;25/5/05 03:42;4068;232;26/5/05 09:26;2;15/2/06 21:30
29;25/5/05 03:47;611;44;30/5/05 00:31;2;15/2/06 21:30
30;25/5/05 04:01;3744;430;30/5/05 03:12;1;15/2/06 21:30
31;25/5/05 04:05;4482;369;30/5/05 07:15;1;15/2/06 21:30
32;25/5/05 04:06;3832;230;25/5/05 23:55;1;15/2/06 21:30
33;25/5/05 04:18;1681;272;27/5/05 03:58;1;15/2/06 21:30
34;25/5/05 04:19;2613;597;29/5/05 00:10;2;15/2/06 21:30
35;25/5/05 04:24;1286;484;27/5/05 07:02;2;15/2/06 21:30
36;25/5/05 04:36;1308;88;29/5/05 00:31;1;15/2/06 21:30
37;25/5/05 04:44;403;535;29/5/05 01:03;1;15/2/06 21:30
38;25/5/05 04:47;2540;302;1/6/05 00:58;1;15/2/06 21:30
39;25/5/05 04:51;4466;207;31/5/05 03:14;2;15/2/06 21:30
40;25/5/05 05:09;2638;413;27/5/05 23:12;1;15/2/06 21:30
41;25/5/05 05:12;1761;174;2/6/05 00:28;1;15/2/06 21:30
42;25/5/05 05:24;380;523;31/5/05 02:47;2;15/2/06 21:30
43;25/5/05 05:39;2578;532;26/5/05 06:54;2;15/2/06 21:30
44;25/5/05 05:53;3098;207;29/5/05 10:56;2;15/2/06 21:30
45;25/5/05 05:59;1853;436;2/6/05 09:56;2;15/2/06 21:30
46;25/5/05 06:04;3318;7;2/6/05 08:18;2;15/2/06 21:30
47;25/5/05 06:05;2211;35;30/5/05 03:04;1;15/2/06 21:30
48;25/5/05 06:20;1780;282;2/6/05 05:42;1;15/2/06 21:30
49;25/5/05 06:39;2965;498;30/5/05 10:12;2;15/2/06 21:30
50;25/5/05 06:44;1983;18;28/5/05 11:28;2;15/2/06 21:30
51;25/5/05 06:49;1257;256;26/5/05 06:42;1;15/2/06 21:30
52;25/5/05 06:51;4017;507;31/5/05 01:27;2;15/2/06 21:30
53;25/5/05 07:19;1255;569;27/5/05 05:19;2;15/2/06 21:30
54;25/5/05 07:23;2787;291;1/6/05 05:05;2;15/2/06 21:30
55;25/5/05 08:26;1139;131;30/5/05 10:57;1;15/2/06 21:30
56;25/5/05 08:28;1352;511;26/5/05 14:21;1;15/2/06 21:30
57;25/5/05 08:43;3938;6;29/5/05 06:42;2;15/2/06 21:30
58;25/5/05 08:53;3050;323;28/5/05 14:40;1;15/2/06 21:30
59;25/5/05 08:56;2884;408;1/6/05 09:52;1;15/2/06 21:30
60;25/5/05 08:58;330;470;30/5/05 14:14;1;15/2/06 21:30
61;25/5/05 09:01;4210;250;2/6/05 07:22;2;15/2/06 21:30
62;25/5/05 09:18;261;419;30/5/05 10:55;1;15/2/06 21:30
63;25/5/05 09:19;4008;383;27/5/05 04:24;1;15/2/06 21:30
64;25/5/05 09:21;79;368;3/6/05 11:31;1;15/2/06 21:30
65;25/5/05 09:32;3552;346;29/5/05 14:21;1;15/2/06 21:30
66;25/5/05 09:35;1162;86;29/5/05 04:16;2;15/2/06 21:30
67;25/5/05 09:41;239;119;27/5/05 13:46;2;15/2/06 21:30
68;25/5/05 09:47;4029;120;31/5/05 10:20;2;15/2/06 21:30
69;25/5/05 10:10;3207;305;27/5/05 14:02;2;15/2/06 21:30
70;25/5/05 10:15;2168;73;27/5/05 05:56;2;15/2/06 21:30
71;25/5/05 10:26;2408;100;28/5/05 04:59;1;15/2/06 21:30
72;25/5/05 10:52;2260;48;28/5/05 05:52;2;15/2/06 21:30
73;25/5/05 11:00;517;391;1/6/05 13:56;2;15/2/06 21:30
74;25/5/05 11:09;1744;265;26/5/05 12:23;2;15/2/06 21:30
75;25/5/05 11:13;3393;510;3/6/05 12:58;1;15/2/06 21:30
76;25/5/05 11:30;3021;1;3/6/05 12:00;2;15/2/06 21:30
77;25/5/05 11:31;1303;451;26/5/05 16:53;2;15/2/06 21:30
78;25/5/05 11:35;4067;135;31/5/05 12:48;2;15/2/06 21:30
79;25/5/05 12:11;3299;245;3/6/05 10:54;2;15/2/06 21:30
80;25/5/05 12:12;2478;314;31/5/05 17:46;2;15/2/06 21:30
81;25/5/05 12:15;2610;286;2/6/05 14:08;2;15/2/06 21:30
82;25/5/05 12:17;1388;427;1/6/05 10:48;1;15/2/06 21:30
83;25/5/05 12:30;466;131;27/5/05 15:40;1;15/2/06 21:30
84;25/5/05 12:36;1829;492;29/5/05 18:33;1;15/2/06 21:30
85;25/5/05 13:05;470;414;29/5/05 16:53;1;15/2/06 21:30
86;25/5/05 13:36;2275;266;30/5/05 14:53;1;15/2/06 21:30
87;25/5/05 13:52;1586;331;29/5/05 11:12;2;15/2/06 21:30
88;25/5/05 14:13;2221;53;29/5/05 09:32;2;15/2/06 21:30
89;25/5/05 14:28;2181;499;29/5/05 14:33;1;15/2/06 21:30
90;25/5/05 14:31;2984;25;1/6/05 10:07;1;15/2/06 21:30
91;25/5/05 14:57;139;267;1/6/05 18:32;1;15/2/06 21:30
92;25/5/05 15:38;775;302;31/5/05 13:40;2;15/2/06 21:30
93;25/5/05 15:54;4360;288;3/6/05 20:18;1;15/2/06 21:30
94;25/5/05 16:03;1675;197;30/5/05 14:23;1;15/2/06 21:30
95;25/5/05 16:12;178;400;2/6/05 18:55;2;15/2/06 21:30
96;25/5/05 16:32;3418;49;30/5/05 10:47;2;15/2/06 21:30
97;25/5/05 16:34;1283;263;28/5/05 12:13;2;15/2/06 21:30
98;25/5/05 16:48;2970;269;27/5/05 11:29;2;15/2/06 21:30
99;25/5/05 16:50;535;44;28/5/05 18:52;1;15/2/06 21:30
100;25/5/05 16:50;2599;208;2/6/05 22:11;1;15/2/06 21:30
101;25/5/05 17:17;617;468;31/5/05 19:47;1;15/2/06 21:30
102;25/5/05 17:22;373;343;31/5/05 19:47;1;15/2/06 21:30
103;25/5/05 17:30;3343;384;3/6/05 22:36;1;15/2/06 21:30
104;25/5/05 17:46;4281;310;27/5/05 15:20;1;15/2/06 21:30
105;25/5/05 17:54;794;108;30/5/05 12:03;2;15/2/06 21:30
106;25/5/05 18:18;3627;196;4/6/05 00:01;2;15/2/06 21:30
107;25/5/05 18:28;2833;317;3/6/05 22:46;2;15/2/06 21:30
108;25/5/05 18:30;3289;242;30/5/05 19:40;1;15/2/06 21:30
109;25/5/05 18:40;1044;503;29/5/05 20:39;2;15/2/06 21:30
110;25/5/05 18:43;4108;19;3/6/05 18:13;2;15/2/06 21:30
111;25/5/05 18:45;3725;227;28/5/05 17:18;1;15/2/06 21:30
112;25/5/05 18:57;2153;500;2/6/05 20:44;1;15/2/06 21:30
113;25/5/05 19:07;2963;93;27/5/05 22:16;2;15/2/06 21:30
114;25/5/05 19:12;4502;506;1/6/05 23:10;1;15/2/06 21:30
115;25/5/05 19:13;749;455;29/5/05 20:17;1;15/2/06 21:30
116;25/5/05 19:27;4453;18;26/5/05 16:23;1;15/2/06 21:30
117;25/5/05 19:30;4278;7;31/5/05 23:59;2;15/2/06 21:30
118;25/5/05 19:31;872;524;31/5/05 15:00;1;15/2/06 21:30
119;25/5/05 19:37;1359;51;29/5/05 23:51;2;15/2/06 21:30
120;25/5/05 19:37;37;365;1/6/05 23:29;2;15/2/06 21:30
121;25/5/05 19:41;1053;405;29/5/05 21:31;1;15/2/06 21:30
122;25/5/05 19:46;2908;273;2/6/05 19:07;1;15/2/06 21:30
123;25/5/05 20:26;1795;43;26/5/05 19:41;1;15/2/06 21:30
124;25/5/05 20:46;212;246;30/5/05 00:47;2;15/2/06 21:30
125;25/5/05 20:48;952;368;2/6/05 21:39;1;15/2/06 21:30
126;25/5/05 21:07;2047;439;28/5/05 18:51;1;15/2/06 21:30
127;25/5/05 21:10;2026;94;2/6/05 21:38;1;15/2/06 21:30
128;25/5/05 21:19;4322;40;29/5/05 23:34;1;15/2/06 21:30
129;25/5/05 21:20;4154;23;4/6/05 01:25;2;15/2/06 21:30
130;25/5/05 21:21;3990;56;30/5/05 22:41;2;15/2/06 21:30
131;25/5/05 21:42;815;325;30/5/05 23:25;2;15/2/06 21:30
132;25/5/05 21:46;3367;479;31/5/05 21:02;1;15/2/06 21:30
133;25/5/05 21:48;399;237;30/5/05 00:26;2;15/2/06 21:30
134;25/5/05 21:48;2272;222;2/6/05 18:28;1;15/2/06 21:30
135;25/5/05 21:58;103;304;3/6/05 17:50;1;15/2/06 21:30
136;25/5/05 22:02;2296;504;31/5/05 18:06;1;15/2/06 21:30
137;25/5/05 22:25;2591;560;1/6/05 02:30;2;15/2/06 21:30
138;25/5/05 22:48;4134;586;29/5/05 20:21;2;15/2/06 21:30
139;25/5/05 23:00;327;257;29/5/05 17:12;1;15/2/06 21:30
140;25/5/05 23:34;655;354;27/5/05 01:10;1;15/2/06 21:30
141;25/5/05 23:34;811;89;2/6/05 01:57;1;15/2/06 21:30
142;25/5/05 23:43;4407;472;29/5/05 00:46;2;15/2/06 21:30
143;25/5/05 23:45;847;297;27/5/05 21:41;2;15/2/06 21:30
144;25/5/05 23:49;1689;357;1/6/05 21:41;2;15/2/06 21:30
145;25/5/05 23:59;3905;82;31/5/05 02:56;1;15/2/06 21:30
146;26/5/05 00:07;1431;433;4/6/05 00:20;2;15/2/06 21:30
147;26/5/05 00:17;633;274;29/5/05 23:21;2;15/2/06 21:30
148;26/5/05 00:25;4252;142;1/6/05 19:29;2;15/2/06 21:30
149;26/5/05 00:28;1084;319;2/6/05 21:30;2;15/2/06 21:30
150;26/5/05 00:28;909;429;1/6/05 02:10;2;15/2/06 21:30
151;26/5/05 00:37;2942;14;30/5/05 06:28;1;15/2/06 21:30
152;26/5/05 00:41;2622;57;3/6/05 06:05;1;15/2/06 21:30
153;26/5/05 00:47;3888;348;27/5/05 21:28;1;15/2/06 21:30
154;26/5/05 00:55;1354;185;29/5/05 23:18;2;15/2/06 21:30
155;26/5/05 01:15;288;551;1/6/05 00:03;1;15/2/06 21:30
156;26/5/05 01:19;3193;462;27/5/05 23:43;1;15/2/06 21:30
157;26/5/05 01:25;887;344;26/5/05 21:17;2;15/2/06 21:30
158;26/5/05 01:27;2395;354;3/6/05 00:30;2;15/2/06 21:30
159;26/5/05 01:34;3453;505;29/5/05 04:00;1;15/2/06 21:30
160;26/5/05 01:46;1885;290;1/6/05 05:45;1;15/2/06 21:30
161;26/5/05 01:51;2941;182;27/5/05 05:42;1;15/2/06 21:30
162;26/5/05 02:02;1229;296;27/5/05 03:38;2;15/2/06 21:30
163;26/5/05 02:26;2306;104;4/6/05 06:36;1;15/2/06 21:30
164;26/5/05 02:26;1070;151;28/5/05 00:32;1;15/2/06 21:30
165;26/5/05 02:28;2735;33;2/6/05 03:21;1;15/2/06 21:30
166;26/5/05 02:49;3894;322;31/5/05 01:28;1;15/2/06 21:30
167;26/5/05 02:50;865;401;27/5/05 03:07;1;15/2/06 21:30
168;26/5/05 03:07;2714;469;2/6/05 02:09;2;15/2/06 21:30
169;26/5/05 03:09;1758;381;27/5/05 01:37;2;15/2/06 21:30
170;26/5/05 03:11;3688;107;2/6/05 03:53;1;15/2/06 21:30
171;26/5/05 03:14;4483;400;3/6/05 00:24;2;15/2/06 21:30
172;26/5/05 03:17;2873;176;29/5/05 04:11;2;15/2/06 21:30
173;26/5/05 03:42;3596;533;28/5/05 01:37;2;15/2/06 21:30
174;26/5/05 03:44;3954;552;28/5/05 07:13;2;15/2/06 21:30
175;26/5/05 03:46;4346;47;3/6/05 06:01;2;15/2/06 21:30
176;26/5/05 03:47;851;250;1/6/05 02:36;2;15/2/06 21:30
177;26/5/05 04:14;3545;548;1/6/05 08:16;2;15/2/06 21:30
178;26/5/05 04:21;1489;196;4/6/05 07:09;2;15/2/06 21:30
179;26/5/05 04:26;2575;19;3/6/05 10:06;1;15/2/06 21:30
180;26/5/05 04:46;2752;75;1/6/05 09:58;1;15/2/06 21:30
181;26/5/05 04:47;2417;587;29/5/05 06:34;2;15/2/06 21:30
182;26/5/05 04:49;4396;237;1/6/05 05:43;2;15/2/06 21:30
183;26/5/05 05:01;2877;254;1/6/05 09:04;1;15/2/06 21:30
184;26/5/05 05:29;1970;556;28/5/05 10:10;1;15/2/06 21:30
185;26/5/05 05:30;2598;125;2/6/05 09:48;2;15/2/06 21:30
186;26/5/05 05:32;1799;468;3/6/05 07:19;2;15/2/06 21:30
187;26/5/05 05:42;4004;515;4/6/05 00:38;1;15/2/06 21:30
188;26/5/05 05:47;3342;243;26/5/05 23:48;1;15/2/06 21:30
189;26/5/05 06:01;984;247;27/5/05 06:11;1;15/2/06 21:30
190;26/5/05 06:11;3962;533;1/6/05 09:44;1;15/2/06 21:30
191;26/5/05 06:14;4365;412;28/5/05 05:33;1;15/2/06 21:30
192;26/5/05 06:20;1897;437;2/6/05 10:57;1;15/2/06 21:30
193;26/5/05 06:41;3900;270;30/5/05 06:21;2;15/2/06 21:30
194;26/5/05 06:52;1337;29;30/5/05 04:08;2;15/2/06 21:30
195;26/5/05 06:52;506;564;31/5/05 02:47;2;15/2/06 21:30
196;26/5/05 06:55;190;184;27/5/05 10:54;1;15/2/06 21:30
197;26/5/05 06:59;4212;546;3/6/05 05:04;2;15/2/06 21:30
198;26/5/05 07:03;1789;54;4/6/05 11:45;1;15/2/06 21:30
199;26/5/05 07:11;2135;71;28/5/05 09:06;1;15/2/06 21:30
200;26/5/05 07:12;3926;321;31/5/05 12:07;1;15/2/06 21:30
201;26/5/05 07:13;776;444;4/6/05 02:02;2;15/2/06 21:30
202;26/5/05 07:27;674;20;2/6/05 03:52;1;15/2/06 21:30
203;26/5/05 07:27;3374;109;3/6/05 12:52;1;15/2/06 21:30
204;26/5/05 07:30;1842;528;30/5/05 08:11;1;15/2/06 21:30
205;26/5/05 07:59;303;114;29/5/05 09:43;2;15/2/06 21:30
206;26/5/05 08:01;1717;345;27/5/05 06:26;1;15/2/06 21:30
207;26/5/05 08:04;102;47;27/5/05 09:32;2;15/2/06 21:30
208;26/5/05 08:10;3669;274;27/5/05 03:55;1;15/2/06 21:30
209;26/5/05 08:14;729;379;27/5/05 09:00;1;15/2/06 21:30
210;26/5/05 08:14;1801;391;27/5/05 12:12;2;15/2/06 21:30
211;26/5/05 08:33;4005;170;28/5/05 14:09;1;15/2/06 21:30
212;26/5/05 08:34;764;59;30/5/05 12:46;2;15/2/06 21:30
213;26/5/05 08:44;1505;394;31/5/05 12:33;2;15/2/06 21:30
214;26/5/05 08:48;1453;98;31/5/05 04:06;2;15/2/06 21:30
215;26/5/05 09:02;679;197;28/5/05 09:45;2;15/2/06 21:30
216;26/5/05 09:17;1398;91;3/6/05 08:21;1;15/2/06 21:30
217;26/5/05 09:24;4395;121;31/5/05 03:24;2;15/2/06 21:30
218;26/5/05 09:27;2291;309;4/6/05 11:53;2;15/2/06 21:30
219;26/5/05 09:41;3074;489;28/5/05 04:40;1;15/2/06 21:30
220;26/5/05 10:06;1259;542;1/6/05 07:43;1;15/2/06 21:30
221;26/5/05 10:14;3578;143;29/5/05 05:57;1;15/2/06 21:30
222;26/5/05 10:14;2745;83;31/5/05 08:36;2;15/2/06 21:30
223;26/5/05 10:15;3121;460;30/5/05 11:43;1;15/2/06 21:30
224;26/5/05 10:18;4285;318;4/6/05 06:59;1;15/2/06 21:30
225;26/5/05 10:27;651;467;1/6/05 07:01;2;15/2/06 21:30
226;26/5/05 10:44;4181;221;31/5/05 13:26;2;15/2/06 21:30
227;26/5/05 10:51;214;301;30/5/05 07:24;1;15/2/06 21:30
228;26/5/05 10:54;511;571;4/6/05 09:39;1;15/2/06 21:30
229;26/5/05 11:19;1131;312;31/5/05 11:56;2;15/2/06 21:30
230;26/5/05 11:31;1085;58;30/5/05 15:22;1;15/2/06 21:30
231;26/5/05 11:31;4032;365;27/5/05 07:27;1;15/2/06 21:30
232;26/5/05 11:38;2945;256;27/5/05 08:42;2;15/2/06 21:30
233;26/5/05 11:43;715;531;28/5/05 17:28;2;15/2/06 21:30
234;26/5/05 11:47;1321;566;3/6/05 10:39;2;15/2/06 21:30
235;26/5/05 11:51;3537;119;4/6/05 09:36;1;15/2/06 21:30
236;26/5/05 11:53;1265;446;28/5/05 13:55;1;15/2/06 21:30
237;26/5/05 12:15;241;536;29/5/05 18:10;1;15/2/06 21:30
238;26/5/05 12:30;503;211;27/5/05 06:49;1;15/2/06 21:30
239;26/5/05 12:30;131;49;1/6/05 13:26;2;15/2/06 21:30
240;26/5/05 12:40;3420;103;4/6/05 07:22;1;15/2/06 21:30
241;26/5/05 12:49;4438;245;28/5/05 11:43;2;15/2/06 21:30
242;26/5/05 13:05;2095;214;2/6/05 15:26;1;15/2/06 21:30
243;26/5/05 13:06;1721;543;3/6/05 17:28;2;15/2/06 21:30
244;26/5/05 13:40;1041;257;31/5/05 11:58;1;15/2/06 21:30
245;26/5/05 13:46;3045;158;27/5/05 09:58;2;15/2/06 21:30
246;26/5/05 13:57;2829;240;29/5/05 10:12;2;15/2/06 21:30
247;26/5/05 14:01;4095;102;28/5/05 13:38;2;15/2/06 21:30
248;26/5/05 14:07;1913;545;31/5/05 14:03;2;15/2/06 21:30
249;26/5/05 14:19;2428;472;28/5/05 17:47;2;15/2/06 21:30
250;26/5/05 14:30;368;539;27/5/05 08:50;1;15/2/06 21:30
251;26/5/05 14:35;4352;204;29/5/05 17:17;1;15/2/06 21:30
252;26/5/05 14:39;1203;187;2/6/05 14:48;1;15/2/06 21:30
253;26/5/05 14:43;2969;416;27/5/05 12:21;1;15/2/06 21:30
254;26/5/05 14:43;1835;390;31/5/05 09:19;2;15/2/06 21:30
255;26/5/05 14:52;3264;114;27/5/05 12:45;1;15/2/06 21:30
256;26/5/05 15:20;3194;436;31/5/05 15:58;1;15/2/06 21:30
257;26/5/05 15:27;2570;373;29/5/05 16:25;2;15/2/06 21:30
258;26/5/05 15:28;3534;502;30/5/05 18:38;2;15/2/06 21:30
259;26/5/05 15:32;30;482;4/6/05 15:27;2;15/2/06 21:30
260;26/5/05 15:42;435;21;31/5/05 13:21;2;15/2/06 21:30
261;26/5/05 15:44;1369;414;2/6/05 09:47;2;15/2/06 21:30
262;26/5/05 15:46;4261;236;28/5/05 15:49;2;15/2/06 21:30
263;26/5/05 15:47;1160;449;30/5/05 10:07;2;15/2/06 21:30
264;26/5/05 16:00;2069;251;27/5/05 10:12;2;15/2/06 21:30
265;26/5/05 16:07;2276;303;1/6/05 14:20;1;15/2/06 21:30
266;26/5/05 16:08;3303;263;27/5/05 10:55;2;15/2/06 21:30
267;26/5/05 16:16;1206;417;30/5/05 16:53;2;15/2/06 21:30
268;26/5/05 16:19;1714;75;27/5/05 14:35;1;15/2/06 21:30
269;26/5/05 16:19;3501;322;27/5/05 15:59;2;15/2/06 21:30
270;26/5/05 16:20;207;200;3/6/05 12:40;2;15/2/06 21:30
271;26/5/05 16:22;2388;92;3/6/05 17:30;2;15/2/06 21:30
272;26/5/05 16:27;971;71;3/6/05 13:10;2;15/2/06 21:30
273;26/5/05 16:29;1590;193;29/5/05 18:49;2;15/2/06 21:30
274;26/5/05 16:48;656;311;3/6/05 18:17;1;15/2/06 21:30
275;26/5/05 17:09;1718;133;4/6/05 22:35;1;15/2/06 21:30
276;26/5/05 17:16;1221;58;3/6/05 12:59;1;15/2/06 21:30
277;26/5/05 17:32;1409;45;28/5/05 22:54;1;15/2/06 21:30
278;26/5/05 17:40;182;214;2/6/05 16:43;2;15/2/06 21:30
279;26/5/05 18:02;661;384;3/6/05 18:48;2;15/2/06 21:30
280;26/5/05 18:36;1896;167;27/5/05 23:42;1;15/2/06 21:30
281;26/5/05 18:49;1208;582;27/5/05 18:11;2;15/2/06 21:30
282;26/5/05 18:56;4486;282;1/6/05 16:32;2;15/2/06 21:30
283;26/5/05 19:05;3530;242;31/5/05 19:19;1;15/2/06 21:30
284;26/5/05 19:21;350;359;4/6/05 14:18;2;15/2/06 21:30
285;26/5/05 19:41;2486;162;31/5/05 16:58;2;15/2/06 21:30
286;26/5/05 19:44;314;371;4/6/05 18:00;2;15/2/06 21:30
287;26/5/05 19:44;3631;17;2/6/05 01:10;1;15/2/06 21:30
288;26/5/05 19:47;3546;82;3/6/05 20:53;2;15/2/06 21:30
289;26/5/05 20:01;2449;81;28/5/05 15:09;1;15/2/06 21:30
290;26/5/05 20:08;2776;429;30/5/05 00:32;1;15/2/06 21:30
291;26/5/05 20:20;485;577;3/6/05 02:06;2;15/2/06 21:30
292;26/5/05 20:22;4264;515;5/6/05 00:58;1;15/2/06 21:30
293;26/5/05 20:27;1828;158;3/6/05 16:45;2;15/2/06 21:30
294;26/5/05 20:29;2751;369;28/5/05 17:20;1;15/2/06 21:30
295;26/5/05 20:33;4030;65;27/5/05 18:23;2;15/2/06 21:30
296;26/5/05 20:35;3878;468;4/6/05 02:31;2;15/2/06 21:30
297;26/5/05 20:48;1594;48;27/5/05 19:52;2;15/2/06 21:30
298;26/5/05 20:52;1083;460;29/5/05 22:08;2;15/2/06 21:30
299;26/5/05 20:55;4376;448;28/5/05 00:25;2;15/2/06 21:30
300;26/5/05 20:57;249;47;5/6/05 01:34;2;15/2/06 21:30
301;26/5/05 21:06;3448;274;1/6/05 01:54;2;15/2/06 21:30
302;26/5/05 21:13;2921;387;3/6/05 15:49;2;15/2/06 21:30
303;26/5/05 21:16;1111;596;27/5/05 23:41;2;15/2/06 21:30
304;26/5/05 21:21;1701;534;2/6/05 00:05;1;15/2/06 21:30
305;26/5/05 21:22;2665;464;2/6/05 22:33;2;15/2/06 21:30
306;26/5/05 21:31;2781;547;28/5/05 19:37;1;15/2/06 21:30
307;26/5/05 21:48;1097;375;4/6/05 22:24;1;15/2/06 21:30
308;26/5/05 22:01;187;277;4/6/05 20:24;2;15/2/06 21:30
309;26/5/05 22:38;1946;251;2/6/05 03:10;2;15/2/06 21:30
310;26/5/05 22:41;593;409;2/6/05 04:09;1;15/2/06 21:30
311;26/5/05 22:51;2830;201;1/6/05 00:02;1;15/2/06 21:30
312;26/5/05 22:52;2008;143;2/6/05 18:14;2;15/2/06 21:30
313;26/5/05 22:56;4156;594;29/5/05 01:29;2;15/2/06 21:30
314;26/5/05 23:09;2851;203;28/5/05 22:49;2;15/2/06 21:30
315;26/5/05 23:12;2847;238;29/5/05 23:33;1;15/2/06 21:30
316;26/5/05 23:22;3828;249;29/5/05 23:25;2;15/2/06 21:30
317;26/5/05 23:23;26;391;1/6/05 19:56;2;15/2/06 21:30
318;26/5/05 23:37;2559;60;3/6/05 04:31;2;15/2/06 21:30
319;26/5/05 23:52;3024;77;30/5/05 18:55;1;15/2/06 21:30
320;27/5/05 00:09;1090;2;28/5/05 04:30;2;15/2/06 21:30
322;27/5/05 00:47;4556;496;2/6/05 00:32;1;15/2/06 21:30
323;27/5/05 00:49;2362;144;30/5/05 03:12;1;15/2/06 21:30
324;27/5/05 01:00;3364;292;30/5/05 04:27;1;15/2/06 21:30
325;27/5/05 01:09;2510;449;31/5/05 07:01;2;15/2/06 21:30
326;27/5/05 01:10;3979;432;4/6/05 20:25;2;15/2/06 21:30
327;27/5/05 01:18;2678;105;4/6/05 04:06;1;15/2/06 21:30
328;27/5/05 01:29;2524;451;1/6/05 02:27;1;15/2/06 21:30
329;27/5/05 01:57;2659;231;31/5/05 04:19;2;15/2/06 21:30
330;27/5/05 02:15;1536;248;4/6/05 05:09;2;15/2/06 21:30
331;27/5/05 02:22;1872;67;5/6/05 00:25;1;15/2/06 21:30
332;27/5/05 02:27;1529;299;3/6/05 01:26;2;15/2/06 21:30
333;27/5/05 02:52;4001;412;1/6/05 00:55;2;15/2/06 21:30
334;27/5/05 03:03;3973;194;29/5/05 03:54;1;15/2/06 21:30
335;27/5/05 03:07;1411;16;5/6/05 00:15;2;15/2/06 21:30
336;27/5/05 03:15;1811;275;29/5/05 22:43;1;15/2/06 21:30
337;27/5/05 03:22;751;19;2/6/05 03:27;1;15/2/06 21:30
338;27/5/05 03:42;2596;165;1/6/05 05:23;2;15/2/06 21:30
339;27/5/05 03:47;2410;516;4/6/05 05:46;2;15/2/06 21:30
340;27/5/05 03:55;946;209;4/6/05 07:57;2;15/2/06 21:30
341;27/5/05 04:01;4168;56;5/6/05 08:51;1;15/2/06 21:30
342;27/5/05 04:11;4019;539;29/5/05 01:28;2;15/2/06 21:30
343;27/5/05 04:13;3301;455;28/5/05 08:34;1;15/2/06 21:30
344;27/5/05 04:30;2327;236;29/5/05 10:13;2;15/2/06 21:30
345;27/5/05 04:32;1396;144;31/5/05 09:50;1;15/2/06 21:30
346;27/5/05 04:34;4319;14;5/6/05 04:24;2;15/2/06 21:30
347;27/5/05 04:40;1625;378;28/5/05 09:56;2;15/2/06 21:30
348;27/5/05 04:50;1825;473;1/6/05 04:43;1;15/2/06 21:30
349;27/5/05 04:53;2920;36;28/5/05 06:33;2;15/2/06 21:30
350;27/5/05 05:01;2756;9;4/6/05 05:01;2;15/2/06 21:30
351;27/5/05 05:39;3371;118;1/6/05 11:10;1;15/2/06 21:30
352;27/5/05 05:48;4369;157;29/5/05 09:05;1;15/2/06 21:30
353;27/5/05 06:03;3989;503;3/6/05 04:39;2;15/2/06 21:30
354;27/5/05 06:12;2058;452;1/6/05 06:48;1;15/2/06 21:30
355;27/5/05 06:15;141;446;1/6/05 02:50;2;15/2/06 21:30
356;27/5/05 06:32;2868;382;30/5/05 06:24;2;15/2/06 21:30
357;27/5/05 06:37;4417;198;30/5/05 07:04;2;15/2/06 21:30
358;27/5/05 06:43;1925;102;29/5/05 11:28;2;15/2/06 21:30
359;27/5/05 06:48;1156;152;29/5/05 03:55;1;15/2/06 21:30
360;27/5/05 06:51;3489;594;3/6/05 01:58;1;15/2/06 21:30
361;27/5/05 07:03;6;587;31/5/05 08:01;1;15/2/06 21:30
362;27/5/05 07:10;2324;147;1/6/05 08:34;1;15/2/06 21:30
363;27/5/05 07:14;4282;345;28/5/05 12:22;2;15/2/06 21:30
364;27/5/05 07:20;833;430;31/5/05 10:44;2;15/2/06 21:30
365;27/5/05 07:31;2887;167;4/6/05 04:46;1;15/2/06 21:30
366;27/5/05 07:33;360;134;4/6/05 01:55;2;15/2/06 21:30
367;27/5/05 07:37;3437;439;30/5/05 05:43;2;15/2/06 21:30
368;27/5/05 07:42;1247;361;4/6/05 11:20;2;15/2/06 21:30
369;27/5/05 07:46;944;508;1/6/05 06:20;2;15/2/06 21:30
370;27/5/05 07:49;3347;22;5/6/05 06:39;2;15/2/06 21:30
371;27/5/05 08:08;1235;295;5/6/05 03:05;2;15/2/06 21:30
372;27/5/05 08:13;4089;510;4/6/05 03:50;2;15/2/06 21:30
373;27/5/05 08:16;1649;464;1/6/05 11:41;1;15/2/06 21:30
374;27/5/05 08:26;4420;337;5/6/05 07:13;1;15/2/06 21:30
375;27/5/05 08:49;1815;306;4/6/05 14:11;1;15/2/06 21:30
376;27/5/05 08:58;3197;542;2/6/05 04:48;1;15/2/06 21:30
377;27/5/05 09:04;3012;170;2/6/05 03:36;2;15/2/06 21:30
378;27/5/05 09:23;2242;53;29/5/05 15:20;1;15/2/06 21:30
379;27/5/05 09:25;3462;584;2/6/05 06:19;1;15/2/06 21:30
380;27/5/05 09:34;1777;176;4/6/05 11:45;1;15/2/06 21:30
381;27/5/05 09:43;2748;371;31/5/05 12:00;1;15/2/06 21:30
382;27/5/05 10:12;4358;183;31/5/05 15:03;1;15/2/06 21:30
383;27/5/05 10:12;955;298;3/6/05 10:37;1;15/2/06 21:30
384;27/5/05 10:18;910;371;2/6/05 09:21;2;15/2/06 21:30
385;27/5/05 10:23;1565;213;30/5/05 15:27;2;15/2/06 21:30
386;27/5/05 10:26;1288;109;30/5/05 08:32;1;15/2/06 21:30
387;27/5/05 10:35;2684;506;1/6/05 13:37;2;15/2/06 21:30
388;27/5/05 10:37;434;28;30/5/05 05:45;1;15/2/06 21:30
389;27/5/05 10:45;691;500;5/6/05 06:22;2;15/2/06 21:30
390;27/5/05 11:02;3759;48;2/6/05 16:09;2;15/2/06 21:30
391;27/5/05 11:03;2193;197;1/6/05 11:59;2;15/2/06 21:30
392;27/5/05 11:14;263;359;1/6/05 14:28;2;15/2/06 21:30
393;27/5/05 11:18;145;251;28/5/05 07:10;2;15/2/06 21:30
394;27/5/05 11:26;1890;274;3/6/05 16:44;2;15/2/06 21:30
395;27/5/05 11:45;752;575;31/5/05 13:42;1;15/2/06 21:30
396;27/5/05 11:47;1020;112;29/5/05 10:14;1;15/2/06 21:30
397;27/5/05 12:29;4193;544;28/5/05 17:36;2;15/2/06 21:30
398;27/5/05 12:44;1686;422;2/6/05 08:19;1;15/2/06 21:30
399;27/5/05 12:48;553;204;29/5/05 15:27;1;15/2/06 21:30
400;27/5/05 12:51;258;249;31/5/05 08:34;2;15/2/06 21:30
401;27/5/05 12:57;2179;46;29/5/05 17:55;2;15/2/06 21:30
402;27/5/05 13:17;461;354;30/5/05 08:53;2;15/2/06 21:30
403;27/5/05 13:28;3983;424;29/5/05 11:47;2;15/2/06 21:30
404;27/5/05 13:31;1293;168;30/5/05 16:58;1;15/2/06 21:30
405;27/5/05 13:32;4090;272;5/6/05 18:53;2;15/2/06 21:30
406;27/5/05 13:46;2136;381;30/5/05 12:43;1;15/2/06 21:30
407;27/5/05 13:57;1077;44;31/5/05 18:23;1;15/2/06 21:30
408;27/5/05 13:57;1438;84;28/5/05 11:57;1;15/2/06 21:30
409;27/5/05 14:10;3652;220;2/6/05 10:40;2;15/2/06 21:30
410;27/5/05 14:11;4010;506;2/6/05 20:06;2;15/2/06 21:30
411;27/5/05 14:14;1434;388;3/6/05 17:39;1;15/2/06 21:30
412;27/5/05 14:17;1400;375;29/5/05 15:07;2;15/2/06 21:30
413;27/5/05 14:45;3516;307;3/6/05 11:11;1;15/2/06 21:30
414;27/5/05 14:48;1019;219;31/5/05 14:39;2;15/2/06 21:30
415;27/5/05 14:51;3698;304;28/5/05 19:07;2;15/2/06 21:30
416;27/5/05 15:02;2371;222;29/5/05 10:34;2;15/2/06 21:30
417;27/5/05 15:07;2253;475;29/5/05 20:01;2;15/2/06 21:30
418;27/5/05 15:13;3063;151;4/6/05 12:05;2;15/2/06 21:30
419;27/5/05 15:15;2514;77;2/6/05 11:53;1;15/2/06 21:30
420;27/5/05 15:19;619;93;3/6/05 15:07;2;15/2/06 21:30
421;27/5/05 15:30;2985;246;4/6/05 13:19;2;15/2/06 21:30
422;27/5/05 15:31;1152;150;1/6/05 11:47;2;15/2/06 21:30
423;27/5/05 15:32;1783;284;2/6/05 19:03;1;15/2/06 21:30
424;27/5/05 15:34;2815;35;5/6/05 09:44;1;15/2/06 21:30
425;27/5/05 15:51;1518;182;3/6/05 16:52;2;15/2/06 21:30
426;27/5/05 15:56;1103;522;5/6/05 11:45;1;15/2/06 21:30
427;27/5/05 16:10;1677;288;5/6/05 13:22;2;15/2/06 21:30
428;27/5/05 16:10;3349;161;31/5/05 17:24;2;15/2/06 21:30
429;27/5/05 16:21;129;498;5/6/05 20:23;2;15/2/06 21:30
430;27/5/05 16:22;1920;190;5/6/05 13:10;1;15/2/06 21:30
431;27/5/05 16:31;4507;334;5/6/05 11:29;1;15/2/06 21:30
432;27/5/05 16:40;1119;46;29/5/05 16:20;1;15/2/06 21:30
433;27/5/05 16:40;4364;574;30/5/05 19:55;2;15/2/06 21:30
434;27/5/05 16:54;3360;246;4/6/05 22:26;1;15/2/06 21:30
435;27/5/05 17:17;3328;3;2/6/05 11:20;2;15/2/06 21:30
436;27/5/05 17:21;4317;267;30/5/05 21:26;2;15/2/06 21:30
437;27/5/05 17:47;1800;525;5/6/05 14:22;2;15/2/06 21:30
438;27/5/05 17:52;4260;249;5/6/05 22:23;2;15/2/06 21:30
439;27/5/05 17:54;354;319;2/6/05 23:01;2;15/2/06 21:30
440;27/5/05 18:00;4452;314;29/5/05 16:15;1;15/2/06 21:30
441;27/5/05 18:11;1578;54;30/5/05 22:45;1;15/2/06 21:30
442;27/5/05 18:12;1457;403;30/5/05 12:30;2;15/2/06 21:30
443;27/5/05 18:35;2021;547;4/6/05 18:58;1;15/2/06 21:30
444;27/5/05 18:39;723;239;1/6/05 15:56;1;15/2/06 21:30
445;27/5/05 18:42;1757;293;30/5/05 22:35;2;15/2/06 21:30
446;27/5/05 18:48;1955;401;3/6/05 16:42;2;15/2/06 21:30
447;27/5/05 18:57;3890;133;5/6/05 18:38;1;15/2/06 21:30
448;27/5/05 19:03;2671;247;3/6/05 20:28;2;15/2/06 21:30
449;27/5/05 19:13;2469;172;4/6/05 01:08;2;15/2/06 21:30
450;27/5/05 19:18;1343;247;5/6/05 23:52;1;15/2/06 21:30
451;27/5/05 19:27;205;87;29/5/05 01:07;2;15/2/06 21:30
452;27/5/05 19:30;2993;127;30/5/05 20:53;2;15/2/06 21:30
453;27/5/05 19:31;4425;529;29/5/05 23:06;1;15/2/06 21:30
454;27/5/05 19:31;3499;575;30/5/05 15:46;1;15/2/06 21:30
455;27/5/05 19:43;3344;343;4/6/05 23:40;2;15/2/06 21:30
456;27/5/05 19:50;1699;92;2/6/05 22:14;1;15/2/06 21:30
457;27/5/05 19:52;2368;300;2/6/05 17:17;2;15/2/06 21:30
458;27/5/05 19:58;3350;565;6/6/05 00:51;1;15/2/06 21:30
459;27/5/05 20:00;597;468;29/5/05 22:47;1;15/2/06 21:30
460;27/5/05 20:02;4238;240;28/5/05 16:14;1;15/2/06 21:30
461;27/5/05 20:08;2077;447;1/6/05 14:32;1;15/2/06 21:30
462;27/5/05 20:10;2314;364;3/6/05 21:12;2;15/2/06 21:30
463;27/5/05 20:11;826;21;4/6/05 21:18;1;15/2/06 21:30
464;27/5/05 20:42;1313;193;30/5/05 00:49;2;15/2/06 21:30
465;27/5/05 20:44;20;261;2/6/05 02:43;1;15/2/06 21:30
466;27/5/05 20:57;1786;442;29/5/05 15:52;1;15/2/06 21:30
467;27/5/05 21:10;339;557;1/6/05 16:08;1;15/2/06 21:30
468;27/5/05 21:13;2656;101;4/6/05 15:26;2;15/2/06 21:30
469;27/5/05 21:14;4463;154;5/6/05 21:51;1;15/2/06 21:30
470;27/5/05 21:17;1613;504;4/6/05 17:47;1;15/2/06 21:30
471;27/5/05 21:32;2872;209;31/5/05 00:39;2;15/2/06 21:30
472;27/5/05 21:36;1338;528;29/5/05 21:07;1;15/2/06 21:30
473;27/5/05 21:36;802;105;5/6/05 17:02;1;15/2/06 21:30
474;27/5/05 22:11;1474;274;31/5/05 19:07;1;15/2/06 21:30
475;27/5/05 22:16;2520;159;28/5/05 19:58;1;15/2/06 21:30
476;27/5/05 22:31;2451;543;3/6/05 19:12;1;15/2/06 21:30
477;27/5/05 22:33;2437;161;2/6/05 18:35;2;15/2/06 21:30
478;27/5/05 22:38;424;557;31/5/05 18:39;2;15/2/06 21:30
479;27/5/05 22:39;2060;231;5/6/05 22:46;2;15/2/06 21:30
480;27/5/05 22:47;2108;220;4/6/05 21:17;2;15/2/06 21:30
481;27/5/05 22:49;72;445;30/5/05 17:46;2;15/2/06 21:30
482;27/5/05 22:53;4178;546;1/6/05 22:53;2;15/2/06 21:30
483;27/5/05 23:00;1510;32;28/5/05 21:30;1;15/2/06 21:30
484;27/5/05 23:26;3115;491;29/5/05 21:16;2;15/2/06 21:30
485;27/5/05 23:40;2392;105;28/5/05 22:40;2;15/2/06 21:30
486;27/5/05 23:51;1822;398;28/5/05 20:26;1;15/2/06 21:30
487;28/5/05 00:00;3774;569;28/5/05 19:18;2;15/2/06 21:30
488;28/5/05 00:07;393;168;3/6/05 22:30;2;15/2/06 21:30
489;28/5/05 00:09;1940;476;31/5/05 04:44;2;15/2/06 21:30
490;28/5/05 00:09;3524;95;30/5/05 22:32;2;15/2/06 21:30
491;28/5/05 00:13;1326;196;29/5/05 00:11;2;15/2/06 21:30
492;28/5/05 00:24;1999;228;28/5/05 22:34;1;15/2/06 21:30
493;28/5/05 00:34;184;501;30/5/05 18:40;1;15/2/06 21:30
494;28/5/05 00:39;1850;64;2/6/05 19:35;1;15/2/06 21:30
495;28/5/05 00:40;1007;526;29/5/05 06:07;1;15/2/06 21:30
496;28/5/05 00:43;1785;56;4/6/05 03:56;1;15/2/06 21:30
497;28/5/05 00:54;2636;20;3/6/05 20:47;2;15/2/06 21:30
498;28/5/05 01:01;458;287;30/5/05 21:20;2;15/2/06 21:30
499;28/5/05 01:05;2381;199;5/6/05 19:54;2;15/2/06 21:30
500;28/5/05 01:05;4500;145;31/5/05 20:04;1;15/2/06 21:30
501;28/5/05 01:09;601;162;30/5/05 06:14;2;15/2/06 21:30
502;28/5/05 01:34;3131;179;31/5/05 01:02;2;15/2/06 21:30
503;28/5/05 01:35;3005;288;28/5/05 22:12;2;15/2/06 21:30
504;28/5/05 02:05;2086;170;30/5/05 23:03;1;15/2/06 21:30
505;28/5/05 02:06;71;111;29/5/05 06:57;1;15/2/06 21:30
506;28/5/05 02:09;667;469;5/6/05 20:34;1;15/2/06 21:30
507;28/5/05 02:31;3621;421;2/6/05 05:07;2;15/2/06 21:30
508;28/5/05 02:40;4179;434;5/6/05 03:05;1;15/2/06 21:30
509;28/5/05 02:51;3416;147;31/5/05 06:27;1;15/2/06 21:30
510;28/5/05 02:52;4338;113;30/5/05 21:20;2;15/2/06 21:30
511;28/5/05 03:04;3827;296;3/6/05 04:58;1;15/2/06 21:30
512;28/5/05 03:07;2176;231;5/6/05 02:12;2;15/2/06 21:30
513;28/5/05 03:08;225;489;29/5/05 07:22;1;15/2/06 21:30
514;28/5/05 03:09;1697;597;5/6/05 00:49;2;15/2/06 21:30
515;28/5/05 03:10;3369;110;4/6/05 02:18;2;15/2/06 21:30
516;28/5/05 03:11;4357;400;4/6/05 02:19;1;15/2/06 21:30
517;28/5/05 03:17;234;403;29/5/05 06:33;1;15/2/06 21:30
518;28/5/05 03:18;4087;480;30/5/05 05:32;1;15/2/06 21:30
519;28/5/05 03:22;3564;245;3/6/05 05:06;1;15/2/06 21:30
520;28/5/05 03:27;3845;161;4/6/05 05:47;1;15/2/06 21:30
521;28/5/05 03:32;2397;374;28/5/05 22:37;1;15/2/06 21:30
522;28/5/05 03:33;3195;382;31/5/05 04:23;1;15/2/06 21:30
523;28/5/05 03:53;1905;138;31/5/05 05:58;2;15/2/06 21:30
524;28/5/05 03:57;1962;223;31/5/05 05:20;1;15/2/06 21:30
525;28/5/05 04:25;1817;14;6/6/05 04:18;1;15/2/06 21:30
526;28/5/05 04:27;1387;408;30/5/05 07:52;1;15/2/06 21:30
527;28/5/05 04:28;266;169;2/6/05 08:19;1;15/2/06 21:30
528;28/5/05 04:30;1655;359;3/6/05 10:01;2;15/2/06 21:30
529;28/5/05 04:34;2624;469;30/5/05 00:35;1;15/2/06 21:30
530;28/5/05 05:13;3332;312;1/6/05 10:21;2;15/2/06 21:30
531;28/5/05 05:23;1113;589;29/5/05 08:00;2;15/2/06 21:30
532;28/5/05 05:36;2793;120;2/6/05 01:50;1;15/2/06 21:30
533;28/5/05 06:14;4306;528;1/6/05 06:26;2;15/2/06 21:30
534;28/5/05 06:15;992;184;6/6/05 07:51;1;15/2/06 21:30
535;28/5/05 06:16;4209;307;31/5/05 02:48;1;15/2/06 21:30
536;28/5/05 06:17;2962;514;3/6/05 10:02;2;15/2/06 21:30
537;28/5/05 06:20;3095;315;5/6/05 11:48;2;15/2/06 21:30
538;28/5/05 06:21;2262;110;2/6/05 01:22;2;15/2/06 21:30
539;28/5/05 06:26;3427;161;30/5/05 02:02;1;15/2/06 21:30
540;28/5/05 06:40;3321;119;6/6/05 00:47;1;15/2/06 21:30
541;28/5/05 06:41;1662;535;2/6/05 09:12;2;15/2/06 21:30
542;28/5/05 06:42;4444;261;3/6/05 09:05;1;15/2/06 21:30
543;28/5/05 06:43;530;493;6/6/05 07:16;2;15/2/06 21:30
544;28/5/05 07:03;2964;311;6/6/05 06:23;1;15/2/06 21:30
545;28/5/05 07:10;1086;54;4/6/05 01:47;2;15/2/06 21:30
546;28/5/05 07:16;487;20;1/6/05 08:36;1;15/2/06 21:30
547;28/5/05 07:24;2065;506;6/6/05 01:31;2;15/2/06 21:30
548;28/5/05 07:34;3704;450;5/6/05 03:14;2;15/2/06 21:30
549;28/5/05 07:35;1818;159;2/6/05 09:08;1;15/2/06 21:30
550;28/5/05 07:39;3632;432;6/6/05 12:20;2;15/2/06 21:30
551;28/5/05 07:44;3119;315;2/6/05 12:55;2;15/2/06 21:30
552;28/5/05 07:53;23;106;4/6/05 12:45;2;15/2/06 21:30
553;28/5/05 08:14;1349;176;2/6/05 03:01;2;15/2/06 21:30
554;28/5/05 08:23;1951;376;31/5/05 03:29;2;15/2/06 21:30
555;28/5/05 08:31;4397;55;30/5/05 07:34;2;15/2/06 21:30
556;28/5/05 08:31;1814;22;6/6/05 07:29;2;15/2/06 21:30
557;28/5/05 08:36;158;444;3/6/05 10:42;2;15/2/06 21:30
558;28/5/05 08:38;4163;442;6/6/05 13:52;1;15/2/06 21:30
559;28/5/05 08:39;1227;572;5/6/05 08:38;2;15/2/06 21:30
560;28/5/05 08:53;644;463;4/6/05 12:27;2;15/2/06 21:30
561;28/5/05 08:54;928;77;5/6/05 05:54;1;15/2/06 21:30
562;28/5/05 09:01;3390;102;2/6/05 05:26;2;15/2/06 21:30
563;28/5/05 09:10;53;324;6/6/05 11:32;1;15/2/06 21:30
564;28/5/05 09:12;2973;282;29/5/05 05:07;1;15/2/06 21:30
565;28/5/05 09:26;1494;288;1/6/05 07:28;1;15/2/06 21:30
566;28/5/05 09:51;4330;253;5/6/05 09:35;1;15/2/06 21:30
567;28/5/05 09:56;3308;184;1/6/05 06:41;2;15/2/06 21:30
568;28/5/05 09:57;2232;155;31/5/05 15:44;1;15/2/06 21:30
569;28/5/05 10:12;4534;56;3/6/05 10:08;2;15/2/06 21:30
570;28/5/05 10:15;1122;21;30/5/05 08:32;1;15/2/06 21:30
571;28/5/05 10:17;4250;516;5/6/05 07:56;1;15/2/06 21:30
572;28/5/05 10:30;1899;337;2/6/05 05:04;2;15/2/06 21:30
573;28/5/05 10:35;4020;1;3/6/05 06:32;1;15/2/06 21:30
574;28/5/05 10:44;3883;76;4/6/05 11:42;1;15/2/06 21:30
575;28/5/05 10:56;4451;142;5/6/05 15:39;1;15/2/06 21:30
576;28/5/05 10:56;1866;588;4/6/05 13:15;2;15/2/06 21:30
577;28/5/05 11:09;375;6;1/6/05 13:27;2;15/2/06 21:30
578;28/5/05 11:15;2938;173;2/6/05 09:59;1;15/2/06 21:30
579;28/5/05 11:19;3481;181;2/6/05 13:51;1;15/2/06 21:30
580;28/5/05 11:19;3515;17;1/6/05 10:44;2;15/2/06 21:30
581;28/5/05 11:20;1380;186;4/6/05 12:37;2;15/2/06 21:30
582;28/5/05 11:33;4579;198;29/5/05 08:33;1;15/2/06 21:30
583;28/5/05 11:48;2679;386;4/6/05 07:09;2;15/2/06 21:30
584;28/5/05 11:49;1833;69;1/6/05 11:54;1;15/2/06 21:30
585;28/5/05 11:50;3544;490;3/6/05 15:35;2;15/2/06 21:30
586;28/5/05 12:03;898;77;29/5/05 13:16;1;15/2/06 21:30
587;28/5/05 12:05;1413;64;30/5/05 13:45;2;15/2/06 21:30
588;28/5/05 12:08;95;89;29/5/05 16:25;2;15/2/06 21:30
589;28/5/05 12:27;4231;308;3/6/05 07:15;2;15/2/06 21:30
590;28/5/05 13:06;473;462;2/6/05 09:18;1;15/2/06 21:30
591;28/5/05 13:11;377;19;29/5/05 17:20;2;15/2/06 21:30
592;28/5/05 13:21;638;244;29/5/05 16:55;1;15/2/06 21:30
593;28/5/05 13:33;1810;16;30/5/05 17:10;2;15/2/06 21:30
594;28/5/05 13:41;2766;538;30/5/05 12:00;1;15/2/06 21:30
595;28/5/05 13:59;595;294;5/6/05 15:16;1;15/2/06 21:30
596;28/5/05 14:00;821;589;29/5/05 17:10;1;15/2/06 21:30
597;28/5/05 14:01;4469;249;6/6/05 19:06;2;15/2/06 21:30
598;28/5/05 14:04;599;159;3/6/05 18:00;2;15/2/06 21:30
599;28/5/05 14:05;4136;393;1/6/05 16:41;2;15/2/06 21:30
600;28/5/05 14:08;1567;332;3/6/05 11:57;2;15/2/06 21:30
601;28/5/05 14:08;3225;429;4/6/05 10:50;1;15/2/06 21:30
602;28/5/05 14:15;1300;590;5/6/05 15:16;2;15/2/06 21:30
603;28/5/05 14:27;3248;537;29/5/05 13:13;1;15/2/06 21:30
604;28/5/05 14:37;1585;426;3/6/05 11:03;2;15/2/06 21:30
605;28/5/05 14:39;4232;501;1/6/05 09:28;2;15/2/06 21:30
606;28/5/05 14:48;3509;299;4/6/05 09:44;2;15/2/06 21:30
607;28/5/05 15:02;2561;554;30/5/05 12:54;2;15/2/06 21:30
608;28/5/05 15:03;4254;494;4/6/05 17:14;2;15/2/06 21:30
609;28/5/05 15:04;2944;150;5/6/05 14:47;2;15/2/06 21:30
610;28/5/05 15:15;3642;500;2/6/05 12:30;2;15/2/06 21:30
611;28/5/05 15:18;1230;580;31/5/05 20:15;2;15/2/06 21:30
612;28/5/05 15:24;2180;161;30/5/05 14:22;2;15/2/06 21:30
613;28/5/05 15:27;270;595;2/6/05 20:01;1;15/2/06 21:30
614;28/5/05 15:33;280;307;4/6/05 12:27;2;15/2/06 21:30
615;28/5/05 15:35;3397;533;3/6/05 17:35;2;15/2/06 21:30
616;28/5/05 15:45;989;471;2/6/05 09:55;1;15/2/06 21:30
617;28/5/05 15:49;4142;372;31/5/05 14:29;2;15/2/06 21:30
618;28/5/05 15:50;4445;248;1/6/05 19:45;1;15/2/06 21:30
619;28/5/05 15:52;2482;407;6/6/05 17:55;2;15/2/06 21:30
620;28/5/05 15:54;2444;321;4/6/05 20:26;1;15/2/06 21:30
621;28/5/05 15:58;1144;239;30/5/05 21:54;1;15/2/06 21:30
622;28/5/05 15:58;2363;109;4/6/05 10:13;1;15/2/06 21:30
623;28/5/05 16:01;1222;495;30/5/05 11:19;1;15/2/06 21:30
624;28/5/05 16:13;3660;569;6/6/05 20:35;1;15/2/06 21:30
625;28/5/05 16:35;2889;596;1/6/05 14:19;1;15/2/06 21:30
626;28/5/05 16:58;452;584;1/6/05 14:02;2;15/2/06 21:30
627;28/5/05 17:04;425;241;4/6/05 19:58;2;15/2/06 21:30
628;28/5/05 17:05;2513;173;6/6/05 16:29;2;15/2/06 21:30
629;28/5/05 17:19;1527;94;2/6/05 20:01;2;15/2/06 21:30
630;28/5/05 17:24;1254;417;5/6/05 20:05;2;15/2/06 21:30
631;28/5/05 17:36;2465;503;3/6/05 14:56;2;15/2/06 21:30
632;28/5/05 17:37;1287;442;3/6/05 16:04;1;15/2/06 21:30
633;28/5/05 17:37;58;360;3/6/05 22:49;2;15/2/06 21:30
634;28/5/05 17:40;2630;428;5/6/05 16:18;2;15/2/06 21:30
635;28/5/05 17:46;1648;42;6/6/05 18:24;1;15/2/06 21:30
636;28/5/05 17:47;4213;239;4/6/05 16:32;1;15/2/06 21:30
637;28/5/05 18:14;1581;250;29/5/05 23:48;2;15/2/06 21:30
638;28/5/05 18:24;2685;372;2/6/05 19:03;2;15/2/06 21:30
639;28/5/05 18:25;4204;198;29/5/05 18:22;1;15/2/06 21:30
640;28/5/05 18:43;495;465;30/5/05 13:39;1;15/2/06 21:30
641;28/5/05 18:45;3548;396;4/6/05 15:24;1;15/2/06 21:30
642;28/5/05 18:49;140;157;1/6/05 20:50;2;15/2/06 21:30
643;28/5/05 18:52;3105;240;31/5/05 15:15;2;15/2/06 21:30
644;28/5/05 18:59;4304;316;4/6/05 18:06;1;15/2/06 21:30
645;28/5/05 19:14;3128;505;5/6/05 14:01;1;15/2/06 21:30
646;28/5/05 19:16;1922;185;31/5/05 16:50;2;15/2/06 21:30
647;28/5/05 19:22;3435;569;1/6/05 00:10;1;15/2/06 21:30
648;28/5/05 19:25;3476;253;3/6/05 15:57;2;15/2/06 21:30
649;28/5/05 19:35;1781;197;5/6/05 16:00;1;15/2/06 21:30
650;28/5/05 19:45;4384;281;29/5/05 21:02;1;15/2/06 21:30
651;28/5/05 19:46;739;266;30/5/05 16:29;1;15/2/06 21:30
652;28/5/05 20:08;1201;43;29/5/05 14:57;2;15/2/06 21:30
653;28/5/05 20:12;126;327;4/6/05 14:44;2;15/2/06 21:30
654;28/5/05 20:15;2312;23;30/5/05 22:02;2;15/2/06 21:30
655;28/5/05 20:16;331;287;31/5/05 16:46;2;15/2/06 21:30
656;28/5/05 20:18;2846;437;30/5/05 16:19;1;15/2/06 21:30
657;28/5/05 20:23;848;65;1/6/05 02:11;1;15/2/06 21:30
658;28/5/05 20:23;3226;103;6/6/05 19:31;2;15/2/06 21:30
659;28/5/05 20:27;1382;207;31/5/05 01:36;2;15/2/06 21:30
660;28/5/05 20:53;1414;578;30/5/05 15:26;1;15/2/06 21:30
661;28/5/05 21:01;2247;51;2/6/05 01:22;2;15/2/06 21:30
662;28/5/05 21:09;2968;166;1/6/05 19:00;2;15/2/06 21:30
663;28/5/05 21:23;3997;176;2/6/05 17:39;2;15/2/06 21:30
664;28/5/05 21:31;87;523;2/6/05 20:56;2;15/2/06 21:30
665;28/5/05 21:38;1012;415;29/5/05 21:37;1;15/2/06 21:30
666;28/5/05 21:48;3075;437;5/6/05 16:45;2;15/2/06 21:30
667;28/5/05 21:49;797;596;31/5/05 03:07;1;15/2/06 21:30
668;28/5/05 21:54;3528;484;29/5/05 22:32;1;15/2/06 21:30
669;28/5/05 22:03;3677;313;3/6/05 03:39;1;15/2/06 21:30
670;28/5/05 22:04;227;201;6/6/05 22:43;2;15/2/06 21:30
671;28/5/05 22:04;1027;14;3/6/05 01:21;2;15/2/06 21:30
672;28/5/05 22:05;697;306;6/6/05 02:10;2;15/2/06 21:30
673;28/5/05 22:07;1769;468;1/6/05 23:42;1;15/2/06 21:30
674;28/5/05 22:11;1150;87;1/6/05 23:58;2;15/2/06 21:30
675;28/5/05 22:22;1273;338;1/6/05 02:57;2;15/2/06 21:30
676;28/5/05 22:27;2329;490;29/5/05 20:36;2;15/2/06 21:30
677;28/5/05 23:00;4558;194;5/6/05 19:11;2;15/2/06 21:30
678;28/5/05 23:15;3741;269;3/6/05 04:43;2;15/2/06 21:30
679;28/5/05 23:24;907;526;6/6/05 21:59;2;15/2/06 21:30
680;28/5/05 23:27;4147;482;2/6/05 02:28;2;15/2/06 21:30
681;28/5/05 23:39;3346;531;1/6/05 01:42;1;15/2/06 21:30
682;28/5/05 23:53;3160;148;29/5/05 19:14;2;15/2/06 21:30
683;29/5/05 00:09;2038;197;2/6/05 04:27;1;15/2/06 21:30
684;29/5/05 00:13;3242;461;4/6/05 21:26;2;15/2/06 21:30
685;29/5/05 00:17;1385;172;5/6/05 05:32;2;15/2/06 21:30
686;29/5/05 00:27;2441;411;30/5/05 02:29;1;15/2/06 21:30
687;29/5/05 00:32;1731;250;31/5/05 23:53;1;15/2/06 21:30
688;29/5/05 00:45;4135;162;2/6/05 01:30;1;15/2/06 21:30
689;29/5/05 00:46;742;571;3/6/05 23:48;2;15/2/06 21:30
690;29/5/05 00:54;2646;85;6/6/05 00:45;1;15/2/06 21:30
691;29/5/05 01:01;4034;433;7/6/05 06:21;1;15/2/06 21:30
692;29/5/05 01:32;800;18;2/6/05 03:54;2;15/2/06 21:30
693;29/5/05 01:42;635;190;3/6/05 02:29;2;15/2/06 21:30
694;29/5/05 01:49;592;399;5/6/05 06:52;1;15/2/06 21:30
695;29/5/05 01:50;4276;528;3/6/05 02:28;1;15/2/06 21:30
696;29/5/05 01:59;2076;19;1/6/05 02:45;1;15/2/06 21:30
697;29/5/05 02:04;3949;387;4/6/05 00:47;2;15/2/06 21:30
698;29/5/05 02:10;1412;109;1/6/05 21:52;1;15/2/06 21:30
699;29/5/05 02:11;130;246;4/6/05 20:23;2;15/2/06 21:30
700;29/5/05 02:18;500;117;30/5/05 05:54;1;15/2/06 21:30
701;29/5/05 02:26;372;112;3/6/05 04:59;1;15/2/06 21:30
702;29/5/05 02:27;2556;475;30/5/05 01:52;2;15/2/06 21:30
703;29/5/05 02:29;1123;269;3/6/05 04:54;2;15/2/06 21:30
704;29/5/05 02:44;2628;330;6/6/05 01:51;2;15/2/06 21:30
705;29/5/05 02:48;2809;257;30/5/05 06:21;1;15/2/06 21:30
706;29/5/05 03:05;2278;60;4/6/05 22:48;1;15/2/06 21:30
707;29/5/05 03:18;819;252;30/5/05 02:45;1;15/2/06 21:30
708;29/5/05 03:23;3133;127;31/5/05 21:27;2;15/2/06 21:30
709;29/5/05 03:48;2459;479;6/6/05 05:21;1;15/2/06 21:30
710;29/5/05 03:48;194;518;3/6/05 05:03;1;15/2/06 21:30
711;29/5/05 03:49;4581;215;31/5/05 08:29;2;15/2/06 21:30
712;29/5/05 04:02;4191;313;30/5/05 03:09;2;15/2/06 21:30
713;29/5/05 04:10;3664;507;7/6/05 07:13;1;15/2/06 21:30
714;29/5/05 04:15;2010;452;1/6/05 23:05;2;15/2/06 21:30
715;29/5/05 04:22;2030;545;5/6/05 09:28;1;15/2/06 21:30
716;29/5/05 04:35;85;36;1/6/05 07:42;2;15/2/06 21:30
717;29/5/05 04:37;1383;412;30/5/05 05:48;2;15/2/06 21:30
718;29/5/05 04:52;1736;498;2/6/05 02:27;1;15/2/06 21:30
719;29/5/05 05:16;267;245;1/6/05 07:53;2;15/2/06 21:30
720;29/5/05 05:17;3687;480;6/6/05 02:47;2;15/2/06 21:30
721;29/5/05 05:28;1116;44;31/5/05 11:24;1;15/2/06 21:30
722;29/5/05 05:30;4540;259;6/6/05 04:51;1;15/2/06 21:30
723;29/5/05 05:34;3407;309;30/5/05 05:50;1;15/2/06 21:30
724;29/5/05 05:53;3770;416;5/6/05 04:01;2;15/2/06 21:30
725;29/5/05 06:03;4088;245;3/6/05 08:52;2;15/2/06 21:30
726;29/5/05 06:05;933;452;5/6/05 04:40;2;15/2/06 21:30
727;29/5/05 06:08;1629;484;30/5/05 07:16;1;15/2/06 21:30
728;29/5/05 06:12;242;551;3/6/05 07:41;1;15/2/06 21:30
729;29/5/05 06:35;1688;323;4/6/05 03:23;2;15/2/06 21:30
730;29/5/05 07:00;3473;197;6/6/05 01:17;1;15/2/06 21:30
731;29/5/05 07:25;4124;5;30/5/05 05:21;1;15/2/06 21:30
732;29/5/05 07:32;2530;447;30/5/05 10:08;2;15/2/06 21:30
733;29/5/05 07:35;2951;363;5/6/05 09:14;1;15/2/06 21:30
734;29/5/05 07:38;3084;538;3/6/05 10:17;2;15/2/06 21:30
735;29/5/05 08:08;3421;454;7/6/05 13:35;1;15/2/06 21:30
736;29/5/05 08:10;3689;276;5/6/05 10:21;2;15/2/06 21:30
737;29/5/05 08:11;769;589;4/6/05 11:18;2;15/2/06 21:30
738;29/5/05 08:20;2284;256;6/6/05 08:59;2;15/2/06 21:30
739;29/5/05 08:28;1183;84;6/6/05 09:21;2;15/2/06 21:30
740;29/5/05 08:30;600;89;4/6/05 12:47;2;15/2/06 21:30
741;29/5/05 08:35;3189;495;4/6/05 11:55;1;15/2/06 21:30
742;29/5/05 08:36;273;483;5/6/05 11:30;1;15/2/06 21:30
743;29/5/05 08:39;2528;548;6/6/05 08:42;2;15/2/06 21:30
744;29/5/05 09:13;3722;420;1/6/05 07:05;2;15/2/06 21:30
745;29/5/05 09:22;581;152;1/6/05 09:10;1;15/2/06 21:30
746;29/5/05 09:25;4272;130;2/6/05 04:20;2;15/2/06 21:30
747;29/5/05 09:26;1993;291;5/6/05 07:28;1;15/2/06 21:30
748;29/5/05 09:27;2803;7;3/6/05 04:25;1;15/2/06 21:30
749;29/5/05 09:33;1146;375;31/5/05 11:45;2;15/2/06 21:30
750;29/5/05 09:41;730;269;30/5/05 13:31;1;15/2/06 21:30
751;29/5/05 09:55;2711;53;2/6/05 04:54;1;15/2/06 21:30
752;29/5/05 10:14;1720;126;4/6/05 06:30;1;15/2/06 21:30
753;29/5/05 10:16;1021;135;5/6/05 08:52;2;15/2/06 21:30
754;29/5/05 10:18;734;281;4/6/05 05:03;2;15/2/06 21:30
755;29/5/05 10:26;3090;576;1/6/05 10:25;2;15/2/06 21:30
756;29/5/05 10:28;3152;201;4/6/05 12:50;1;15/2/06 21:30
757;29/5/05 10:29;1067;435;7/6/05 15:27;1;15/2/06 21:30
758;29/5/05 10:31;1191;563;1/6/05 14:53;2;15/2/06 21:30
759;29/5/05 10:57;2367;179;7/6/05 16:23;2;15/2/06 21:30
760;29/5/05 11:07;3250;77;2/6/05 14:16;1;15/2/06 21:30
761;29/5/05 11:09;2342;58;3/6/05 16:18;2;15/2/06 21:30
762;29/5/05 11:15;3683;146;6/6/05 07:48;1;15/2/06 21:30
763;29/5/05 11:32;2022;50;31/5/05 17:31;1;15/2/06 21:30
764;29/5/05 11:37;1069;149;31/5/05 16:47;1;15/2/06 21:30
765;29/5/05 11:38;515;69;2/6/05 17:04;1;15/2/06 21:30
766;29/5/05 11:47;2154;383;6/6/05 07:14;1;15/2/06 21:30
767;29/5/05 12:20;687;67;2/6/05 14:15;2;15/2/06 21:30
768;29/5/05 12:30;2895;566;7/6/05 09:00;2;15/2/06 21:30
769;29/5/05 12:51;1523;575;1/6/05 17:43;1;15/2/06 21:30
770;29/5/05 12:56;2491;405;7/6/05 15:54;2;15/2/06 21:30
771;29/5/05 12:59;353;476;1/6/05 16:05;2;15/2/06 21:30
772;29/5/05 13:08;3319;556;6/6/05 08:19;1;15/2/06 21:30
773;29/5/05 13:18;245;563;7/6/05 17:22;1;15/2/06 21:30
774;29/5/05 13:19;1188;575;1/6/05 18:51;1;15/2/06 21:30
775;29/5/05 13:23;1197;124;30/5/05 07:53;2;15/2/06 21:30
776;29/5/05 13:35;4339;113;3/6/05 17:33;1;15/2/06 21:30
777;29/5/05 14:07;451;360;3/6/05 08:41;2;15/2/06 21:30
778;29/5/05 14:09;1816;535;5/6/05 20:05;1;15/2/06 21:30
779;29/5/05 14:17;533;105;6/6/05 16:46;1;15/2/06 21:30
780;29/5/05 14:18;1919;300;6/6/05 20:14;1;15/2/06 21:30
781;29/5/05 14:23;88;313;30/5/05 17:44;1;15/2/06 21:30
782;29/5/05 14:38;2255;596;2/6/05 13:18;2;15/2/06 21:30
783;29/5/05 14:41;3046;53;6/6/05 10:39;2;15/2/06 21:30
784;29/5/05 14:44;2936;352;1/6/05 17:28;2;15/2/06 21:30
785;29/5/05 15:08;39;72;30/5/05 15:51;1;15/2/06 21:30
786;29/5/05 15:17;2637;439;7/6/05 10:07;2;15/2/06 21:30
787;29/5/05 16:03;3919;27;7/6/05 11:07;2;15/2/06 21:30
788;29/5/05 16:13;763;562;31/5/05 16:40;1;15/2/06 21:30
789;29/5/05 16:17;708;553;6/6/05 18:15;1;15/2/06 21:30
790;29/5/05 16:19;2858;593;2/6/05 17:22;2;15/2/06 21:30
791;29/5/05 16:30;1554;284;1/6/05 19:11;1;15/2/06 21:30
792;29/5/05 16:32;2841;261;31/5/05 18:01;1;15/2/06 21:30
793;29/5/05 16:44;379;528;6/6/05 19:21;2;15/2/06 21:30
794;29/5/05 16:44;1995;50;5/6/05 16:11;1;15/2/06 21:30
795;29/5/05 16:57;609;551;1/6/05 11:33;2;15/2/06 21:30
796;29/5/05 16:59;2697;26;3/6/05 16:22;2;15/2/06 21:30
797;29/5/05 17:12;1446;244;3/6/05 16:06;1;15/2/06 21:30
798;29/5/05 17:23;1102;134;1/6/05 13:06;2;15/2/06 21:30
799;29/5/05 17:24;1713;429;5/6/05 12:25;1;15/2/06 21:30
800;29/5/05 17:28;441;472;30/5/05 14:59;1;15/2/06 21:30
801;29/5/05 17:35;1642;402;4/6/05 17:05;2;15/2/06 21:30
802;29/5/05 17:38;785;350;31/5/05 22:42;2;15/2/06 21:30
803;29/5/05 17:52;1602;32;30/5/05 14:35;2;15/2/06 21:30
804;29/5/05 18:10;3909;171;6/6/05 22:53;1;15/2/06 21:30
805;29/5/05 18:18;3132;232;7/6/05 15:11;2;15/2/06 21:30
806;29/5/05 18:31;2386;435;31/5/05 00:18;2;15/2/06 21:30
807;29/5/05 18:50;2195;235;3/6/05 18:36;2;15/2/06 21:30
808;29/5/05 19:08;1928;104;6/6/05 20:32;2;15/2/06 21:30
809;29/5/05 19:10;2114;222;5/6/05 19:05;2;15/2/06 21:30
810;29/5/05 19:12;2533;346;4/6/05 21:12;2;15/2/06 21:30
811;29/5/05 19:30;4419;401;2/6/05 16:19;2;15/2/06 21:30
812;29/5/05 20:00;1099;225;30/5/05 19:43;2;15/2/06 21:30
813;29/5/05 20:14;4554;344;5/6/05 20:56;1;15/2/06 21:30
814;29/5/05 20:16;1572;134;7/6/05 17:47;1;15/2/06 21:30
815;29/5/05 20:24;3757;14;3/6/05 15:32;1;15/2/06 21:30
816;29/5/05 20:26;630;474;6/6/05 22:31;2;15/2/06 21:30
817;29/5/05 20:39;186;554;31/5/05 18:24;1;15/2/06 21:30
818;29/5/05 20:47;4106;321;2/6/05 23:18;2;15/2/06 21:30
819;29/5/05 21:00;623;511;2/6/05 15:15;2;15/2/06 21:30
820;29/5/05 21:07;2584;22;7/6/05 00:22;2;15/2/06 21:30
821;29/5/05 21:31;3380;348;4/6/05 22:49;1;15/2/06 21:30
822;29/5/05 21:36;2634;480;7/6/05 17:24;1;15/2/06 21:30
823;29/5/05 21:39;3249;441;30/5/05 22:06;1;15/2/06 21:30
824;29/5/05 21:45;3518;357;31/5/05 19:01;1;15/2/06 21:30
825;29/5/05 21:49;712;371;4/6/05 20:27;2;15/2/06 21:30
826;29/5/05 21:56;2263;207;8/6/05 03:18;1;15/2/06 21:30
827;29/5/05 21:58;62;573;6/6/05 00:54;1;15/2/06 21:30
828;29/5/05 22:14;2468;217;30/5/05 17:22;1;15/2/06 21:30
829;29/5/05 22:16;1684;371;6/6/05 01:38;1;15/2/06 21:30
830;29/5/05 22:43;3464;3;1/6/05 17:43;1;15/2/06 21:30
831;29/5/05 22:50;3912;509;6/6/05 02:27;1;15/2/06 21:30
832;29/5/05 22:51;1381;159;7/6/05 17:37;2;15/2/06 21:30
833;29/5/05 23:21;2898;417;2/6/05 18:40;1;15/2/06 21:30
834;29/5/05 23:24;3628;84;30/5/05 22:00;2;15/2/06 21:30
835;29/5/05 23:37;299;381;2/6/05 23:38;1;15/2/06 21:30
836;29/5/05 23:56;3140;368;31/5/05 04:11;2;15/2/06 21:30
837;30/5/05 00:02;977;172;2/6/05 05:31;2;15/2/06 21:30
838;30/5/05 00:27;2859;504;6/6/05 22:19;2;15/2/06 21:30
839;30/5/05 00:28;1886;337;8/6/05 02:43;1;15/2/06 21:30
840;30/5/05 00:28;4049;79;31/5/05 20:39;2;15/2/06 21:30
841;30/5/05 00:31;4318;387;2/6/05 19:14;1;15/2/06 21:30
842;30/5/05 00:32;2328;238;1/6/05 02:21;1;15/2/06 21:30
843;30/5/05 00:44;2214;313;31/5/05 00:58;2;15/2/06 21:30
844;30/5/05 00:58;536;429;1/6/05 00:38;1;15/2/06 21:30
845;30/5/05 01:17;2001;72;7/6/05 02:00;1;15/2/06 21:30
846;30/5/05 01:17;938;49;1/6/05 00:56;2;15/2/06 21:30
847;30/5/05 01:18;4387;380;6/6/05 20:20;2;15/2/06 21:30
848;30/5/05 01:19;1363;436;5/6/05 23:40;1;15/2/06 21:30
849;30/5/05 01:23;2424;449;7/6/05 01:50;1;15/2/06 21:30
850;30/5/05 01:35;2390;517;31/5/05 01:51;1;15/2/06 21:30
851;30/5/05 01:35;2780;530;6/6/05 07:27;1;15/2/06 21:30
852;30/5/05 01:36;1622;549;1/6/05 22:44;1;15/2/06 21:30
853;30/5/05 01:43;3693;122;1/6/05 02:05;1;15/2/06 21:30
854;30/5/05 01:56;921;369;1/6/05 06:34;2;15/2/06 21:30
855;30/5/05 02:00;2527;406;3/6/05 20:16;2;15/2/06 21:30
856;30/5/05 02:01;3969;53;7/6/05 03:25;1;15/2/06 21:30
857;30/5/05 02:01;2569;204;2/6/05 06:07;2;15/2/06 21:30
858;30/5/05 02:10;1258;358;1/6/05 04:42;1;15/2/06 21:30
859;30/5/05 02:36;3032;79;2/6/05 07:49;2;15/2/06 21:30
860;30/5/05 02:45;578;276;8/6/05 07:28;1;15/2/06 21:30
861;30/5/05 02:48;3711;502;6/6/05 05:43;1;15/2/06 21:30
862;30/5/05 03:09;1186;328;3/6/05 21:27;1;15/2/06 21:30
863;30/5/05 03:14;3999;379;5/6/05 04:34;2;15/2/06 21:30
864;30/5/05 03:27;2777;544;6/6/05 08:28;1;15/2/06 21:30
865;30/5/05 03:39;3183;154;7/6/05 08:10;2;15/2/06 21:30
866;30/5/05 03:43;2867;8;8/6/05 04:28;1;15/2/06 21:30
867;30/5/05 03:54;3389;99;1/6/05 22:59;1;15/2/06 21:30
868;30/5/05 04:19;3604;28;31/5/05 02:28;1;15/2/06 21:30
869;30/5/05 04:22;3399;296;3/6/05 09:18;2;15/2/06 21:30
870;30/5/05 04:25;2903;391;6/6/05 04:32;1;15/2/06 21:30
871;30/5/05 05:01;4573;303;4/6/05 06:22;2;15/2/06 21:30
872;30/5/05 05:03;3904;548;6/6/05 10:35;1;15/2/06 21:30
873;30/5/05 05:15;4568;375;7/6/05 00:49;2;15/2/06 21:30
874;30/5/05 05:36;363;52;1/6/05 09:32;1;15/2/06 21:30
875;30/5/05 05:38;1428;326;6/6/05 00:34;2;15/2/06 21:30
876;30/5/05 05:41;1471;339;7/6/05 09:06;2;15/2/06 21:30
877;30/5/05 05:48;886;9;2/6/05 09:30;1;15/2/06 21:30
878;30/5/05 05:49;4265;323;7/6/05 04:35;1;15/2/06 21:30
879;30/5/05 05:49;4021;482;5/6/05 01:45;2;15/2/06 21:30
880;30/5/05 06:12;1819;460;2/6/05 04:35;2;15/2/06 21:30
881;30/5/05 06:15;602;242;2/6/05 10:21;1;15/2/06 21:30
882;30/5/05 06:16;3841;477;2/6/05 11:57;1;15/2/06 21:30
883;30/5/05 06:21;2271;399;7/6/05 04:50;2;15/2/06 21:30
884;30/5/05 06:41;4079;17;31/5/05 07:39;1;15/2/06 21:30
885;30/5/05 06:54;646;62;3/6/05 07:03;2;15/2/06 21:30
886;30/5/05 06:54;4356;393;1/6/05 06:04;2;15/2/06 21:30
887;30/5/05 07:10;2727;16;1/6/05 06:48;2;15/2/06 21:30
888;30/5/05 07:13;387;128;6/6/05 09:50;1;15/2/06 21:30
889;30/5/05 07:14;1299;114;31/5/05 07:56;2;15/2/06 21:30
890;30/5/05 07:43;1464;349;1/6/05 11:26;1;15/2/06 21:30
891;30/5/05 07:43;2611;391;8/6/05 09:21;1;15/2/06 21:30
892;30/5/05 08:02;471;274;5/6/05 12:51;1;15/2/06 21:30
893;30/5/05 08:06;3260;502;7/6/05 08:23;2;15/2/06 21:30
894;30/5/05 08:31;1118;400;7/6/05 12:39;1;15/2/06 21:30
895;30/5/05 08:50;2744;192;5/6/05 10:58;1;15/2/06 21:30
896;30/5/05 09:03;2817;207;5/6/05 07:37;2;15/2/06 21:30
897;30/5/05 09:10;1334;432;8/6/05 03:43;1;15/2/06 21:30
898;30/5/05 09:26;3497;384;1/6/05 10:45;2;15/2/06 21:30
899;30/5/05 09:29;1096;156;6/6/05 12:39;2;15/2/06 21:30
900;30/5/05 09:38;3543;586;7/6/05 11:54;1;15/2/06 21:30
901;30/5/05 09:40;760;259;2/6/05 10:32;1;15/2/06 21:30
902;30/5/05 09:53;1514;561;7/6/05 12:10;1;15/2/06 21:30
903;30/5/05 10:11;2423;197;3/6/05 09:33;1;15/2/06 21:30
904;30/5/05 10:19;2466;44;5/6/05 04:58;2;15/2/06 21:30
905;30/5/05 10:25;4372;50;6/6/05 06:23;1;15/2/06 21:30
906;30/5/05 10:30;1862;549;7/6/05 06:44;2;15/2/06 21:30
907;30/5/05 10:37;3320;506;2/6/05 09:51;1;15/2/06 21:30
908;30/5/05 10:38;4427;85;3/6/05 09:56;1;15/2/06 21:30
909;30/5/05 10:43;3775;486;8/6/05 12:07;1;15/2/06 21:30
910;30/5/05 10:46;2601;374;4/6/05 13:32;1;15/2/06 21:30
911;30/5/05 10:50;1404;366;7/6/05 12:26;2;15/2/06 21:30
912;30/5/05 10:58;3200;390;31/5/05 09:31;2;15/2/06 21:30
913;30/5/05 11:04;3213;369;7/6/05 13:22;2;15/2/06 21:30
914;30/5/05 11:06;1393;596;4/6/05 06:07;2;15/2/06 21:30
915;30/5/05 11:20;1859;115;2/6/05 11:55;1;15/2/06 21:30
916;30/5/05 11:25;1290;6;31/5/05 09:06;1;15/2/06 21:30
917;30/5/05 11:27;3629;385;2/6/05 08:31;1;15/2/06 21:30
918;30/5/05 11:32;818;197;31/5/05 07:55;2;15/2/06 21:30
919;30/5/05 11:35;4052;374;2/6/05 13:16;2;15/2/06 21:30
920;30/5/05 11:44;3860;584;2/6/05 08:19;2;15/2/06 21:30
921;30/5/05 11:53;1827;508;3/6/05 10:00;2;15/2/06 21:30
922;30/5/05 11:55;2442;550;8/6/05 10:12;2;15/2/06 21:30
923;30/5/05 11:58;1884;37;5/6/05 09:57;1;15/2/06 21:30
924;30/5/05 12:10;3279;293;4/6/05 17:28;1;15/2/06 21:30
925;30/5/05 12:13;3203;137;2/6/05 14:41;2;15/2/06 21:30
926;30/5/05 12:15;4327;76;1/6/05 08:53;2;15/2/06 21:30
927;30/5/05 12:16;1158;167;31/5/05 16:20;2;15/2/06 21:30
928;30/5/05 12:27;246;79;5/6/05 13:56;2;15/2/06 21:30
929;30/5/05 12:32;4296;536;6/6/05 12:17;1;15/2/06 21:30
930;30/5/05 12:44;2835;141;4/6/05 10:53;2;15/2/06 21:30
931;30/5/05 12:53;3384;421;31/5/05 14:28;1;15/2/06 21:30
932;30/5/05 12:55;719;198;31/5/05 10:30;2;15/2/06 21:30
933;30/5/05 13:08;3672;66;1/6/05 18:56;1;15/2/06 21:30
934;30/5/05 13:24;3595;60;8/6/05 16:44;2;15/2/06 21:30
935;30/5/05 13:29;2421;256;2/6/05 11:08;1;15/2/06 21:30
936;30/5/05 13:52;901;469;7/6/05 16:56;1;15/2/06 21:30
937;30/5/05 14:47;1054;304;5/6/05 09:53;2;15/2/06 21:30
938;30/5/05 14:47;1521;46;4/6/05 10:10;2;15/2/06 21:30
939;30/5/05 14:49;1314;367;1/6/05 19:00;1;15/2/06 21:30
940;30/5/05 15:01;1278;534;1/6/05 18:26;1;15/2/06 21:30
941;30/5/05 15:02;3630;562;1/6/05 17:19;1;15/2/06 21:30
942;30/5/05 15:05;4279;473;8/6/05 15:59;2;15/2/06 21:30
943;30/5/05 15:20;3737;57;6/6/05 18:53;1;15/2/06 21:30
944;30/5/05 15:26;151;131;7/6/05 18:09;2;15/2/06 21:30
945;30/5/05 15:33;1441;357;2/6/05 15:02;2;15/2/06 21:30
946;30/5/05 15:35;1264;486;8/6/05 11:38;1;15/2/06 21:30
947;30/5/05 15:36;4478;62;4/6/05 18:48;1;15/2/06 21:30
948;30/5/05 15:44;585;245;8/6/05 17:30;2;15/2/06 21:30
949;30/5/05 15:50;2202;368;3/6/05 14:25;1;15/2/06 21:30
950;30/5/05 16:06;491;83;1/6/05 11:43;1;15/2/06 21:30
951;30/5/05 16:10;1395;59;31/5/05 19:01;2;15/2/06 21:30
952;30/5/05 16:28;4389;311;2/6/05 16:12;2;15/2/06 21:30
953;30/5/05 16:34;2194;210;31/5/05 20:34;1;15/2/06 21:30
954;30/5/05 16:57;1231;297;8/6/05 13:30;2;15/2/06 21:30
955;30/5/05 16:59;4140;301;31/5/05 11:58;2;15/2/06 21:30
956;30/5/05 17:30;647;296;7/6/05 13:54;2;15/2/06 21:30
957;30/5/05 17:53;4428;440;3/6/05 15:31;2;15/2/06 21:30
958;30/5/05 17:58;548;186;1/6/05 19:17;2;15/2/06 21:30
959;30/5/05 18:07;3108;535;2/6/05 14:37;2;15/2/06 21:30
960;30/5/05 18:13;1966;445;4/6/05 00:12;2;15/2/06 21:30
961;30/5/05 18:16;3293;588;4/6/05 23:40;2;15/2/06 21:30
962;30/5/05 18:45;4535;520;5/6/05 22:47;1;15/2/06 21:30
963;30/5/05 18:52;1921;225;7/6/05 16:19;2;15/2/06 21:30
964;30/5/05 18:53;657;287;4/6/05 22:32;2;15/2/06 21:30
965;30/5/05 19:00;3363;502;31/5/05 17:10;2;15/2/06 21:30
966;30/5/05 19:00;1294;496;31/5/05 23:51;1;15/2/06 21:30
967;30/5/05 19:12;1954;330;9/6/05 00:02;2;15/2/06 21:30
968;30/5/05 19:20;119;576;31/5/05 18:17;2;15/2/06 21:30
969;30/5/05 19:23;443;551;31/5/05 21:14;1;15/2/06 21:30
970;30/5/05 19:50;1520;307;9/6/05 01:19;1;15/2/06 21:30
971;30/5/05 20:10;2911;561;6/6/05 20:47;1;15/2/06 21:30
972;30/5/05 20:21;2;411;6/6/05 00:36;1;15/2/06 21:30
973;30/5/05 20:27;1914;473;8/6/05 22:47;2;15/2/06 21:30
974;30/5/05 20:28;2617;596;8/6/05 23:45;2;15/2/06 21:30
975;30/5/05 21:07;3109;7;3/6/05 01:48;2;15/2/06 21:30
976;30/5/05 21:11;2290;581;6/6/05 02:16;2;15/2/06 21:30
977;30/5/05 21:22;2029;394;4/6/05 22:32;2;15/2/06 21:30
978;30/5/05 21:30;407;154;7/6/05 16:22;1;15/2/06 21:30
979;30/5/05 21:37;3917;279;8/6/05 00:24;2;15/2/06 21:30
980;30/5/05 21:45;4169;273;1/6/05 20:32;1;15/2/06 21:30
981;30/5/05 21:52;2913;326;1/6/05 03:15;2;15/2/06 21:30
982;30/5/05 22:15;3560;524;2/6/05 16:18;1;15/2/06 21:30
983;30/5/05 22:15;63;115;2/6/05 22:56;1;15/2/06 21:30
984;30/5/05 22:17;2305;262;1/6/05 20:15;2;15/2/06 21:30
985;30/5/05 22:18;1573;564;4/6/05 23:36;1;15/2/06 21:30
986;30/5/05 22:22;4045;253;1/6/05 02:24;1;15/2/06 21:30
987;30/5/05 22:59;390;11;7/6/05 20:56;1;15/2/06 21:30
988;30/5/05 23:08;1364;12;7/6/05 00:22;1;15/2/06 21:30
989;30/5/05 23:11;4388;83;3/6/05 20:36;2;15/2/06 21:30
990;30/5/05 23:25;4171;311;6/6/05 18:41;2;15/2/06 21:30
991;30/5/05 23:29;2863;593;7/6/05 23:16;1;15/2/06 21:30
992;30/5/05 23:47;3572;123;5/6/05 19:01;1;15/2/06 21:30
993;30/5/05 23:54;2080;513;4/6/05 21:27;1;15/2/06 21:30
994;30/5/05 23:55;2798;472;4/6/05 01:00;2;15/2/06 21:30
995;31/5/05 00:06;17;150;6/6/05 02:30;2;15/2/06 21:30
996;31/5/05 00:06;2075;331;31/5/05 21:29;2;15/2/06 21:30
997;31/5/05 00:08;4243;216;2/6/05 00:17;2;15/2/06 21:30
998;31/5/05 00:16;3395;389;1/6/05 22:41;1;15/2/06 21:30
999;31/5/05 00:25;4433;413;3/6/05 06:05;2;15/2/06 21:30
1000;31/5/05 00:25;1774;332;8/6/05 19:42;2;15/2/06 21:30
1001;31/5/05 00:46;1498;64;6/6/05 06:14;2;15/2/06 21:30